sex,height,weight
M,74,53.48477097505669
M,70,38.05647165532879
F,61,34.97081179138322
M,68,35.999365079365084
F,66,34.55939047619048
M,70,34.97081179138322
F,65,30.23946666666666
F,64,30.445177324263035
M,65,28.79949206349206
M,66,34.97081179138322
F,61,42.17068480725624
F,61,38.05647165532879
M,65,28.79949206349206
F,68,31.88515192743764
F,64,26.742385487528345
F,64,32.9137052154195
F,66,26.742385487528345
M,67,33.94225850340136
M,72,59.65609070294785
F,61,25.713832199546484
F,65,35.999365079365084
F,61,21.599619047619047
M,66,29.210913378684808
F,64,32.9137052154195
M,72,44.22779138321995
F,64,32.9137052154195
M,64,26.742385487528345
M,71,42.17068480725624
F,64,38.05647165532879
M,72,46.284897959183674
M,70,42.993527437641724
F,66,48.342004535147396
M,74,28.79949206349206
M,76,46.284897959183674
M,68,37.027918367346935
F,66,28.388070748299317
F,66,41.14213151927438
M,69,48.342004535147396
F,61,34.97081179138322
F,64,44.22779138321995
F,66,27.770938775510203
F,69,25.713832199546484
M,66,29.828045351473925
M,71,34.97081179138322
M,71,42.17068480725624
F,63,23.656725623582766
M,68,35.999365079365084
M,75,30.85659863945578
M,64,37.027918367346935
F,61,24.685278911564627
F,65,29.828045351473925
F,64,39.4964462585034
F,60,32.9137052154195
F,61,26.742385487528345
F,61,28.79949206349206
F,63,34.97081179138322
M,72,49.37055782312925
M,72,45.25634467120181
F,63,22.628172335600905
M,67,35.999365079365084
F,65,35.999365079365084
M,64,32.50228390022676
F,61,37.027918367346935
F,66,24.273857596371883
M,65,39.702156916099774
M,68,38.87931428571429
F,64,26.742385487528345
M,71,33.94225850340136
F,65,24.685278911564627
F,63,28.79949206349206
F,64,29.828045351473925
M,72,41.14213151927438
F,65,26.742385487528345
M,71,35.79365442176871
M,72,41.55355283446712
F,64,34.97081179138322
F,65,30.85659863945578
M,72,39.08502494331066
M,69,41.14213151927438
F,66,27.565228117913833
F,64,27.770938775510203
F,66,30.445177324263035
M,69,37.027918367346935
F,67,28.79949206349206
F,66,45.25634467120181
F,59,25.096700226757367
F,60,20.57106575963719
F,61,27.770938775510203
M,70,39.08502494331066
F,61,23.656725623582766
F,66,27.770938775510203
F,61,41.14213151927438
F,67,25.713832199546484
F,59,33.530837188208615
F,70,43.199238095238094
F,66,31.88515192743764
F,60,26.742385487528345
M,68,45.25634467120181
F,67,39.08502494331066
F,65,22.628172335600905
M,71,41.14213151927438
F,63,26.330964172335598
F,63,32.9137052154195
M,71,34.3536798185941
M,67,28.79949206349206
F,65,34.97081179138322
F,66,44.22779138321995
F,66,24.685278911564627
F,70,34.97081179138322
M,68,34.97081179138322
F,64,50.81053242630385
F,61,37.027918367346935
F,60,43.610659410430834
M,73,34.97081179138322
F,68,32.50228390022676
F,61,28.79949206349206
F,61,50.193400453514734
M,65,33.94225850340136
M,66,40.113578231292514
M,64,42.37639546485261
F,60,28.18236009070295
F,59,33.325126530612245
F,61,39.08502494331066
M,63,28.79949206349206
F,60,24.685278911564627
F,61,28.79949206349206
F,63,29.828045351473925
F,65,29.828045351473925
M,68,37.027918367346935
M,72,51.42766439909297
F,67,29.828045351473925
M,72,57.59898412698412
F,66,45.25634467120181
F,61,33.94225850340136
M,64,33.94225850340136
F,64,30.85659863945578
M,71,34.97081179138322
M,72,47.31345124716553
F,65,32.9137052154195
F,67,32.9137052154195
F,63,31.679441269841266
M,68,40.73071020408163
M,65,34.97081179138322
M,71,34.97081179138322
F,61,26.742385487528345
M,69,39.907867573696144
F,64,26.742385487528345
M,66,30.85659863945578
F,63,26.742385487528345
M,67,37.233629024943305
M,69,37.027918367346935
M,66,32.09086258503401
F,61,22.628172335600905
M,68,32.9137052154195
F,60,30.85659863945578
M,72,37.027918367346935
M,70,34.97081179138322
M,65,39.08502494331066
M,67,30.85659863945578
F,63,32.9137052154195
M,69,42.993527437641724
F,64,31.268019954648523
M,67,32.9137052154195
M,74,38.05647165532879
F,61,21.599619047619047
M,69,36.61649705215419
F,60,39.08502494331066
M,73,34.97081179138322
F,67,28.79949206349206
F,61,25.096700226757367
F,69,32.9137052154195
M,64,32.9137052154195
M,68,45.25634467120181
M,72,45.462055328798186
M,74,47.31345124716553
M,72,41.14213151927438
F,64,28.79949206349206
F,66,32.9137052154195
M,68,30.85659863945578
F,65,33.94225850340136
F,61,29.828045351473925
M,69,34.97081179138322
M,71,34.97081179138322
F,66,35.999365079365084
F,65,26.742385487528345
M,68,49.37055782312925
F,65,25.30241088435374
M,68,28.79949206349206
M,68,27.15380680272109
M,72,39.08502494331066
F,61,26.948096145124715
F,60,20.57106575963719
M,72,42.993527437641724
M,71,42.17068480725624
M,65,28.79949206349206
F,61,24.685278911564627
M,74,55.541877551020406
M,71,39.08502494331066
M,67,32.9137052154195
F,67,32.50228390022676
F,66,29.828045351473925
M,69,42.17068480725624
M,67,26.742385487528345
F,66,30.85659863945578
M,72,32.9137052154195
F,65,33.325126530612245
F,61,38.67360362811791
M,68,31.88515192743764
M,68,35.38223310657597
M,70,33.94225850340136
M,68,29.828045351473925
M,70,37.027918367346935
M,71,40.52499954648526
M,65,41.14213151927438
M,69,41.14213151927438
F,68,45.25634467120181
M,70,41.14213151927438
F,60,39.08502494331066
F,65,51.42766439909297
F,63,34.76510113378685
M,74,37.027918367346935
F,67,34.97081179138322
M,67,39.08502494331066
F,63,28.18236009070295
M,67,40.936420861678
F,69,43.199238095238094
M,67,33.119415873015875
F,65,39.29073560090703
F,64,30.85659863945578
M,72,35.999365079365084
M,72,49.37055782312925
M,67,34.97081179138322
F,63,24.273857596371883
F,65,29.005202721088434
M,68,31.88515192743764
F,65,30.03375600907029
F,64,30.85659863945578
F,64,37.64505034013605
F,61,21.599619047619047
F,60,30.85659863945578
F,63,32.70799455782313
M,69,43.199238095238094
F,64,34.97081179138322
M,70,34.97081179138322
M,73,41.14213151927438
F,65,27.770938775510203
F,68,43.199238095238094
M,70,40.319288888888885
F,60,26.53667482993197
M,67,54.51332426303855
M,70,37.027918367346935
F,66,31.88515192743764
F,67,30.23946666666666
F,66,27.770938775510203
M,72,38.67360362811791
M,73,32.9137052154195
F,69,47.93058321995465
F,67,36.61649705215419
F,63,22.628172335600905
M,70,37.027918367346935
F,69,44.22779138321995
F,63,24.685278911564627
F,60,29.828045351473925
M,70,40.319288888888885
M,66,39.08502494331066
M,70,47.31345124716553
M,67,32.9137052154195
F,66,39.08502494331066
F,60,30.23946666666666
F,69,33.94225850340136
F,61,26.742385487528345
F,67,37.027918367346935
M,64,33.94225850340136
M,72,41.14213151927438
M,70,37.027918367346935
F,67,39.08502494331066
F,68,34.97081179138322
M,72,33.94225850340136
F,61,21.188197732426303
F,65,26.53667482993197
M,69,37.027918367346935
F,65,25.713832199546484
F,66,40.73071020408163
M,69,35.999365079365084
M,66,38.46789297052154
F,63,28.79949206349206
F,64,45.25634467120181
F,61,34.97081179138322
M,72,49.37055782312925
F,67,36.822207709750565
M,72,37.027918367346935
F,61,28.388070748299317
F,67,32.9137052154195
F,64,26.742385487528345
M,67,34.97081179138322
F,61,30.445177324263035
F,64,23.656725623582766
F,69,37.027918367346935
F,64,32.70799455782313
M,71,43.199238095238094
F,60,43.199238095238094
M,70,40.52499954648526
M,69,38.46789297052154
F,66,30.85659863945578
M,69,43.199238095238094
M,66,32.09086258503401
M,70,46.284897959183674
M,75,38.05647165532879
F,69,37.027918367346935
M,73,38.26218231292517
M,71,36.205075736961454
M,69,37.027918367346935
F,66,31.88515192743764
F,67,41.14213151927438
M,72,43.199238095238094
F,61,41.14213151927438
F,64,24.685278911564627
M,73,43.199238095238094
M,70,42.17068480725624
M,70,37.027918367346935
M,73,47.31345124716553
F,60,25.713832199546484
M,70,37.027918367346935
M,70,38.05647165532879
M,71,40.113578231292514
M,73,49.37055782312925
F,63,26.742385487528345
M,68,32.9137052154195
F,63,29.828045351473925
M,67,33.94225850340136
M,70,43.199238095238094
F,64,32.29657324263038
F,68,33.94225850340136
F,61,24.685278911564627
M,71,35.999365079365084
M,72,45.25634467120181
F,64,35.999365079365084
F,69,35.999365079365084
M,67,34.97081179138322
F,69,30.85659863945578
M,69,38.05647165532879
M,70,28.79949206349206
F,61,28.79949206349206
M,76,53.48477097505669
F,63,33.94225850340136
M,65,37.027918367346935
M,70,38.05647165532879
M,75,37.027918367346935
F,65,52.456217687074826
M,70,34.97081179138322
F,68,28.18236009070295
F,65,45.25634467120181
F,68,28.79949206349206
F,64,26.742385487528345
F,61,43.404948752834464
F,61,22.628172335600905
F,66,23.656725623582766
F,64,39.08502494331066
M,73,51.42766439909297
F,66,40.73071020408163
M,65,26.742385487528345
F,64,26.742385487528345
F,67,28.79949206349206
F,67,32.9137052154195
F,65,22.21675102040816
F,66,38.05647165532879
F,70,39.08502494331066
M,72,43.610659410430834
F,61,40.113578231292514
M,67,33.94225850340136
M,72,29.62233469387755
M,68,39.4964462585034
F,63,24.685278911564627
M,70,38.05647165532879
F,60,28.79949206349206
F,65,41.14213151927438
F,61,29.828045351473925
F,65,28.79949206349206
F,65,45.462055328798186
M,74,34.97081179138322
M,72,38.05647165532879
M,70,40.113578231292514
M,70,45.25634467120181
M,65,28.79949206349206
M,68,51.42766439909297
F,66,34.97081179138322
M,66,31.679441269841266
M,73,39.08502494331066
M,70,34.14796916099773
M,74,39.907867573696144
F,68,29.210913378684808
M,67,32.9137052154195
F,65,30.85659863945578
M,71,38.05647165532879
M,68,39.08502494331066
F,69,26.742385487528345
M,68,41.14213151927438
M,72,35.999365079365084
F,63,29.828045351473925
F,61,25.713832199546484
F,66,32.9137052154195
F,63,37.027918367346935
F,64,22.628172335600905
M,70,32.9137052154195
F,65,25.713832199546484
M,67,32.9137052154195
F,61,42.993527437641724
M,73,35.999365079365084
F,61,40.52499954648526
F,66,30.85659863945578
F,64,30.85659863945578
F,64,32.9137052154195
F,65,36.61649705215419
F,61,25.713832199546484
M,68,29.828045351473925
M,73,40.113578231292514
F,63,24.685278911564627
F,63,26.742385487528345
M,66,29.828045351473925
F,63,37.027918367346935
F,64,29.828045351473925
F,65,39.08502494331066
M,73,43.816370068027204
F,65,34.97081179138322
F,66,34.97081179138322
F,61,28.79949206349206
M,72,42.17068480725624
F,65,25.713832199546484
F,61,32.50228390022676
F,64,36.205075736961454
M,67,30.85659863945578
F,61,25.713832199546484
M,69,29.828045351473925
M,75,57.59898412698412
F,61,30.85659863945578
F,65,35.999365079365084
F,66,28.79949206349206
F,67,46.284897959183674
M,66,31.062309297052153
M,70,37.027918367346935
F,61,32.9137052154195
F,63,38.87931428571429
F,61,40.73071020408163
F,63,37.027918367346935
F,65,25.713832199546484
F,63,24.685278911564627
F,69,51.42766439909297
M,68,41.14213151927438
M,64,33.94225850340136
M,65,26.742385487528345
F,63,24.685278911564627
F,64,27.770938775510203
M,72,53.48477097505669
F,64,30.85659863945578
F,63,22.628172335600905
M,71,41.96497414965987
F,61,34.55939047619048
M,69,34.97081179138322
M,72,43.199238095238094
F,68,31.88515192743764
M,67,34.76510113378685
M,73,51.42766439909297
M,73,41.14213151927438
F,64,52.661928344671196
F,66,43.816370068027204
F,63,28.79949206349206
F,66,43.199238095238094
M,69,35.999365079365084
M,71,46.284897959183674
F,63,23.03959365079365
M,74,48.342004535147396
F,66,34.97081179138322
F,66,51.42766439909297
F,66,28.79949206349206
F,66,35.999365079365084
F,61,51.42766439909297
F,63,28.18236009070295
F,64,28.79949206349206
F,61,39.08502494331066
F,64,28.79949206349206
M,71,53.48477097505669
F,63,44.63921269841269
M,74,49.37055782312925
F,60,32.70799455782313
M,73,34.97081179138322
F,64,27.770938775510203
F,66,23.86243628117914
M,71,38.05647165532879
F,65,38.46789297052154
M,71,50.399111111111104
F,66,39.08502494331066
F,64,39.08502494331066
M,71,39.08502494331066
F,60,25.50812154195011
M,71,43.199238095238094
M,71,43.816370068027204
M,72,37.027918367346935
M,71,43.199238095238094
M,72,59.65609070294785
F,60,28.79949206349206
F,65,38.26218231292517
F,64,28.79949206349206
M,73,58.627537414965985
M,70,44.22779138321995
M,71,49.37055782312925
M,72,53.48477097505669
F,64,27.770938775510203
M,76,51.42766439909297
M,73,40.936420861678
F,60,20.57106575963719
F,63,27.976649433106576
F,63,29.828045351473925
F,60,35.999365079365084
F,67,33.94225850340136
M,71,33.94225850340136
M,72,38.05647165532879
F,64,28.79949206349206
F,67,30.85659863945578
M,72,38.05647165532879
F,65,29.41662403628118
M,73,47.31345124716553
F,65,33.736547845804985
F,64,33.325126530612245
F,66,29.210913378684808
F,66,30.85659863945578
M,71,43.199238095238094
M,72,39.08502494331066
F,61,27.770938775510203
F,64,25.713832199546484
M,70,31.88515192743764
M,69,40.113578231292514
M,73,35.999365079365084
M,74,47.31345124716553
F,59,21.599619047619047
F,67,49.37055782312925
F,67,23.656725623582766
M,67,57.59898412698412
F,68,32.9137052154195
M,68,38.05647165532879
F,68,35.999365079365084
M,66,30.85659863945578
F,64,24.685278911564627
F,61,28.79949206349206
M,65,32.9137052154195
M,73,37.027918367346935
M,67,47.31345124716553
M,72,41.14213151927438
M,68,47.10774058956916
M,66,30.85659863945578
M,69,32.9137052154195
F,63,26.948096145124715
M,73,55.541877551020406
F,61,28.18236009070295
M,76,43.199238095238094
F,64,37.027918367346935
M,69,33.94225850340136
M,73,38.05647165532879
M,69,33.94225850340136
F,68,34.97081179138322
M,73,58.627537414965985
M,68,31.88515192743764
M,71,44.63921269841269
F,65,25.713832199546484
F,60,31.88515192743764
M,68,53.48477097505669
F,66,51.42766439909297
M,72,29.828045351473925
M,74,39.08502494331066
F,63,29.828045351473925
F,64,30.85659863945578
M,71,34.97081179138322
M,75,51.42766439909297
F,70,26.742385487528345
M,68,33.94225850340136
M,70,28.79949206349206
F,65,37.027918367346935
F,69,32.9137052154195
F,61,32.9137052154195
F,61,28.59378140589569
M,76,49.37055782312925
F,64,30.85659863945578
F,61,33.736547845804985
F,67,49.37055782312925
M,74,39.08502494331066
M,70,35.999365079365084
M,66,41.14213151927438
M,74,47.31345124716553
F,61,31.88515192743764
M,67,38.67360362811791
M,74,34.97081179138322
F,63,22.628172335600905
M,69,39.08502494331066
F,64,26.742385487528345
M,76,58.627537414965985
M,64,32.9137052154195
M,74,35.999365079365084
M,72,48.342004535147396
M,69,53.48477097505669
F,68,40.113578231292514
F,65,27.770938775510203
F,60,25.713832199546484
F,64,22.628172335600905
F,61,43.199238095238094
M,65,34.97081179138322
M,67,30.85659863945578
F,65,31.88515192743764
F,61,27.976649433106576
M,73,45.25634467120181
M,73,40.113578231292514
M,69,36.205075736961454
F,66,27.976649433106576
M,69,41.14213151927438
F,64,30.85659863945578
F,65,39.08502494331066
M,70,46.90202993197279
M,69,36.61649705215419
F,63,47.31345124716553
F,64,22.628172335600905
M,64,35.999365079365084
M,70,57.59898412698412
F,67,43.199238095238094
M,69,39.08502494331066
F,69,35.999365079365084
F,68,37.027918367346935
F,68,26.330964172335598
F,65,27.770938775510203
M,71,32.50228390022676
M,66,45.25634467120181
F,65,24.685278911564627
F,61,55.541877551020406
M,69,42.37639546485261
M,75,46.284897959183674
F,61,30.85659863945578
M,71,38.05647165532879
M,70,33.94225850340136
F,65,24.685278911564627
F,69,32.9137052154195
F,66,43.199238095238094
M,67,41.14213151927438
M,70,39.08502494331066
M,73,45.667765986394556
F,69,26.742385487528345
M,74,45.25634467120181
M,70,39.4964462585034
F,64,26.742385487528345
M,72,45.25634467120181
F,61,25.30241088435374
F,67,27.770938775510203
M,70,37.027918367346935
M,65,27.770938775510203
F,63,42.37639546485261
F,67,27.770938775510203
F,67,41.14213151927438
M,72,37.027918367346935
F,59,30.445177324263035
M,72,51.42766439909297
F,63,22.628172335600905
F,59,26.742385487528345
F,65,55.541877551020406
M,72,43.199238095238094
M,69,41.14213151927438
M,72,49.37055782312925
F,60,20.982487074829933
F,66,27.770938775510203
M,70,48.547715192743766
F,60,20.57106575963719
M,70,44.22779138321995
F,64,39.08502494331066
M,68,33.94225850340136
M,71,38.05647165532879
F,68,29.828045351473925
F,64,35.999365079365084
M,70,43.199238095238094
M,65,35.999365079365084
F,61,27.770938775510203
F,63,27.770938775510203
F,68,32.50228390022676
F,66,31.88515192743764
M,76,47.93058321995465
M,68,31.88515192743764
F,66,28.79949206349206
M,70,45.25634467120181
M,66,33.325126530612245
F,68,27.770938775510203
F,65,38.05647165532879
M,73,46.0791873015873
M,66,28.79949206349206
M,69,37.027918367346935
F,63,37.64505034013605
F,65,45.667765986394556
M,71,30.85659863945578
M,70,39.08502494331066
F,70,51.42766439909297
M,72,59.45038004535147
F,65,24.685278911564627
F,64,30.85659863945578
F,64,30.650887981859405
F,60,41.14213151927438
M,68,35.999365079365084
M,66,39.29073560090703
M,66,35.999365079365084
M,72,44.84492335600907
F,67,32.9137052154195
M,67,33.94225850340136
F,69,25.30241088435374
F,66,31.88515192743764
F,61,37.027918367346935
F,68,35.58794376417234
F,63,48.342004535147396
F,61,39.08502494331066
F,66,28.79949206349206
F,61,28.388070748299317
F,64,25.713832199546484
M,66,34.97081179138322
M,68,39.08502494331066
M,65,34.97081179138322
M,74,35.999365079365084
M,70,28.79949206349206
M,69,41.14213151927438
F,67,37.64505034013605
F,60,29.828045351473925
M,68,32.9137052154195
M,66,30.85659863945578
F,64,27.770938775510203
M,69,43.199238095238094
F,64,26.742385487528345
F,63,38.87931428571429
M,72,54.51332426303855
F,64,29.828045351473925
F,65,53.48477097505669
F,68,24.685278911564627
M,70,39.08502494331066
F,67,27.770938775510203
F,69,28.79949206349206
M,66,39.08502494331066
F,61,24.273857596371883
M,66,35.38223310657597
M,71,35.999365079365084
M,66,35.999365079365084
F,63,32.09086258503401
M,76,49.37055782312925
F,64,30.85659863945578
F,66,38.87931428571429
M,70,39.08502494331066
M,71,38.05647165532879
M,71,45.25634467120181
F,64,34.97081179138322
F,66,36.205075736961454
M,75,49.37055782312925
F,67,25.713832199546484
M,72,29.210913378684808
F,66,47.31345124716553
F,67,28.79949206349206
M,72,44.22779138321995
M,74,57.59898412698412
M,71,51.42766439909297
F,64,24.685278911564627
F,63,23.656725623582766
F,65,26.742385487528345
F,60,32.9137052154195
F,66,33.94225850340136
M,72,39.907867573696144
F,61,35.999365079365084
F,69,28.79949206349206
M,70,56.57043083900226
F,65,33.94225850340136
M,70,38.26218231292517
M,72,53.48477097505669
M,63,43.199238095238094
M,65,34.97081179138322
M,75,45.25634467120181
F,67,29.828045351473925
F,61,27.770938775510203
M,69,32.50228390022676
M,67,37.027918367346935
M,75,50.399111111111104
F,66,26.742385487528345
F,68,33.94225850340136
M,67,38.05647165532879
M,72,53.48477097505669
M,67,26.742385487528345
F,61,33.94225850340136
F,60,34.97081179138322
F,65,42.17068480725624
F,66,38.67360362811791
F,61,32.9137052154195
F,65,28.79949206349206
F,61,21.599619047619047
M,72,37.027918367346935
F,67,26.742385487528345
F,61,26.742385487528345
M,71,28.79949206349206
M,66,30.23946666666666
M,67,38.05647165532879
F,65,34.55939047619048
M,63,38.05647165532879
M,70,42.17068480725624
M,70,41.14213151927438
M,71,34.97081179138322
F,63,28.79949206349206
M,68,32.9137052154195
M,66,32.9137052154195
F,65,45.25634467120181
F,63,38.67360362811791
F,61,37.027918367346935
F,68,27.770938775510203
F,63,27.770938775510203
F,66,41.14213151927438
F,67,38.05647165532879
F,61,37.027918367346935
F,63,28.18236009070295
M,67,38.05647165532879
F,64,30.85659863945578
M,69,34.14796916099773
F,66,28.79949206349206
F,61,29.62233469387755
F,63,32.9137052154195
F,69,39.08502494331066
F,64,26.125253514739228
F,64,39.08502494331066
M,72,35.999365079365084
F,66,23.245304308390022
F,60,43.199238095238094
M,74,40.113578231292514
M,68,41.14213151927438
M,71,55.541877551020406
F,61,25.713832199546484
F,65,25.919542857142854
F,63,44.63921269841269
F,65,32.9137052154195
M,65,37.027918367346935
F,66,39.08502494331066
M,72,39.08502494331066
M,67,34.97081179138322
F,66,31.88515192743764
M,69,39.702156916099774
M,65,37.027918367346935
M,65,28.79949206349206
M,71,45.25634467120181
M,73,46.284897959183674
M,72,35.38223310657597
M,68,37.027918367346935
F,61,48.547715192743766
M,64,37.64505034013605
F,66,49.16484716553288
F,63,25.713832199546484
F,69,33.94225850340136
M,63,35.999365079365084
F,67,22.628172335600905
F,59,20.57106575963719
M,71,45.25634467120181
F,64,32.50228390022676
M,71,39.08502494331066
F,64,36.205075736961454
F,65,39.702156916099774
F,67,26.742385487528345
F,65,24.273857596371883
F,65,30.85659863945578
M,71,43.199238095238094
M,71,34.55939047619048
F,59,53.48477097505669
M,67,36.822207709750565
M,68,31.88515192743764
M,71,41.14213151927438
F,64,23.656725623582766
M,67,34.97081179138322
M,72,44.22779138321995
M,76,34.55939047619048
M,72,31.88515192743764
M,68,43.199238095238094
M,64,32.9137052154195
M,69,28.79949206349206
F,64,26.330964172335598
F,61,27.770938775510203
M,71,43.199238095238094
M,72,47.31345124716553
F,61,26.742385487528345
M,71,41.34784217687075
M,69,31.88515192743764
F,65,40.73071020408163
F,64,32.29657324263038
F,60,29.41662403628118
M,72,43.199238095238094
F,64,28.79949206349206
M,72,41.14213151927438
F,65,25.713832199546484
M,70,34.97081179138322
F,61,34.97081179138322
F,61,24.685278911564627
F,66,28.79949206349206
M,72,40.113578231292514
M,69,35.38223310657597
F,63,38.87931428571429
M,72,47.31345124716553
M,72,31.88515192743764
M,70,29.828045351473925
F,67,32.9137052154195
F,64,32.9137052154195
F,65,30.650887981859405
M,66,41.14213151927438
F,69,30.85659863945578
F,65,41.34784217687075
F,67,34.97081179138322
F,61,39.08502494331066
F,60,35.999365079365084
F,66,27.770938775510203
F,67,33.94225850340136
M,69,42.37639546485261
F,61,27.770938775510203
F,63,30.03375600907029
F,64,24.685278911564627
F,66,35.999365079365084
M,70,39.08502494331066
M,72,39.08502494331066
F,67,41.14213151927438
M,69,32.9137052154195
M,69,34.97081179138322
F,64,34.97081179138322
M,70,44.22779138321995
M,67,30.85659863945578
M,71,41.14213151927438
F,64,29.828045351473925
F,63,27.770938775510203
F,64,37.027918367346935
M,73,52.456217687074826
M,66,26.330964172335598
F,70,27.770938775510203
F,68,41.14213151927438
F,61,33.94225850340136
F,61,38.26218231292517
M,65,29.828045351473925
M,71,41.14213151927438
M,69,33.94225850340136
F,67,28.388070748299317
F,61,26.742385487528345
F,68,30.445177324263035
F,60,37.027918367346935
M,74,38.05647165532879
M,65,32.9137052154195
M,72,39.08502494331066
F,60,28.79949206349206
F,70,38.46789297052154
F,61,24.685278911564627
M,70,30.650887981859405
M,72,47.31345124716553
F,69,32.9137052154195
F,67,26.742385487528345
F,66,26.742385487528345
M,71,41.14213151927438
F,69,29.828045351473925
F,59,21.599619047619047
F,67,32.9137052154195
F,65,26.742385487528345
F,63,40.113578231292514
F,63,40.936420861678
F,61,26.742385487528345
F,66,43.610659410430834
M,65,55.541877551020406
F,64,42.582106122448984
M,68,41.96497414965987
F,64,33.736547845804985
F,65,37.027918367346935
F,65,35.999365079365084
F,66,34.97081179138322
F,67,27.770938775510203
M,68,43.199238095238094
F,61,32.50228390022676
M,71,37.027918367346935
M,70,39.08502494331066
M,69,35.999365079365084
F,61,25.713832199546484
F,63,38.05647165532879
F,66,27.770938775510203
F,59,27.770938775510203
F,61,26.742385487528345
M,71,34.97081179138322
M,76,39.08502494331066
M,70,37.027918367346935
M,73,54.51332426303855
M,71,50.81053242630385
F,59,26.742385487528345
F,63,26.742385487528345
M,69,32.9137052154195
F,64,47.31345124716553
F,64,32.9137052154195
M,66,41.14213151927438
M,69,33.94225850340136
F,66,26.742385487528345
M,71,30.85659863945578
F,69,46.284897959183674
M,72,37.027918367346935
F,67,29.828045351473925
F,61,45.25634467120181
M,75,49.37055782312925
F,63,43.199238095238094
M,67,33.94225850340136
F,64,26.742385487528345
F,61,34.55939047619048
M,70,53.48477097505669
F,67,24.685278911564627
F,65,44.22779138321995
F,66,24.273857596371883
M,75,34.97081179138322
F,61,22.628172335600905
M,69,32.9137052154195
M,74,37.027918367346935
F,67,39.08502494331066
F,68,34.97081179138322
F,64,34.97081179138322
M,69,38.05647165532879
M,75,55.541877551020406
M,66,49.37055782312925
M,68,29.210913378684808
F,64,28.79949206349206
M,72,32.9137052154195
F,59,38.05647165532879
M,75,49.37055782312925
F,64,38.05647165532879
F,66,25.713832199546484
M,68,39.08502494331066
F,68,47.31345124716553
F,68,24.685278911564627
M,69,38.05647165532879
M,72,45.25634467120181
F,63,24.685278911564627
F,63,24.685278911564627
M,66,28.79949206349206
F,63,28.79949206349206
M,68,39.08502494331066
F,67,41.75926349206349
F,64,34.14796916099773
F,64,28.18236009070295
M,72,51.42766439909297
F,64,30.85659863945578
M,70,37.85076099773242
M,75,49.37055782312925
F,68,30.85659863945578
M,70,37.027918367346935
F,64,25.713832199546484
F,64,24.685278911564627
F,61,22.21675102040816
F,66,46.284897959183674
F,65,29.210913378684808
M,66,32.29657324263038
M,75,47.72487256235828
F,61,34.97081179138322
M,74,47.72487256235828
M,72,33.94225850340136
F,66,32.29657324263038
M,69,42.17068480725624
F,66,40.73071020408163
F,61,24.685278911564627
M,71,37.027918367346935
F,66,26.742385487528345
M,67,32.9137052154195
F,64,25.713832199546484
M,70,35.999365079365084
F,68,34.97081179138322
M,73,34.97081179138322
M,71,39.08502494331066
F,66,33.325126530612245
F,64,39.08502494331066
F,61,30.650887981859405
F,65,31.679441269841266
M,72,44.22779138321995
F,68,25.096700226757367
M,69,32.9137052154195
M,68,32.9137052154195
F,61,27.770938775510203
F,69,33.94225850340136
M,74,40.113578231292514
F,66,24.273857596371883
M,72,35.999365079365084
M,72,39.08502494331066
F,60,37.027918367346935
M,76,44.22779138321995
M,70,45.25634467120181
M,72,43.199238095238094
F,63,27.35951746031746
F,61,23.656725623582766
M,68,33.530837188208615
F,63,30.23946666666666
M,73,37.027918367346935
F,63,34.97081179138322
M,71,35.999365079365084
F,60,24.06814693877551
F,65,25.713832199546484
F,64,32.9137052154195
F,61,28.18236009070295
M,66,38.05647165532879
F,61,25.713832199546484
M,68,34.97081179138322
M,68,34.55939047619048
M,67,37.027918367346935
F,61,33.530837188208615
M,67,35.38223310657597
M,72,37.027918367346935
M,72,40.113578231292514
F,61,27.770938775510203
F,68,45.25634467120181
F,61,27.770938775510203
F,68,35.999365079365084
M,72,39.907867573696144
M,68,39.08502494331066
M,68,33.94225850340136
M,72,36.205075736961454
F,66,31.88515192743764
M,68,39.4964462585034
M,69,37.027918367346935
F,63,32.9137052154195
F,63,23.03959365079365
F,64,30.23946666666666
F,65,34.97081179138322
M,73,39.08502494331066
M,67,38.05647165532879
F,64,34.97081179138322
M,65,43.199238095238094
F,68,26.742385487528345
F,63,33.94225850340136
F,66,27.15380680272109
F,64,35.999365079365084
F,63,24.685278911564627
F,65,30.85659863945578
F,63,46.284897959183674
M,74,48.342004535147396
F,63,26.53667482993197
M,67,36.61649705215419
M,69,45.25634467120181
M,73,46.696319274376414
F,63,28.79949206349206
F,61,26.742385487528345
F,70,41.14213151927438
F,63,33.94225850340136
F,64,37.027918367346935
F,69,30.85659863945578
F,65,38.05647165532879
M,69,34.97081179138322
M,69,38.05647165532879
M,69,50.81053242630385
F,60,32.50228390022676
F,64,29.828045351473925
F,60,22.628172335600905
F,66,41.14213151927438
F,67,32.9137052154195
M,67,47.31345124716553
F,63,29.005202721088434
F,61,46.696319274376414
M,70,39.08502494331066
M,71,41.14213151927438
F,64,29.828045351473925
M,72,41.96497414965987
M,69,35.999365079365084
F,67,35.38223310657597
F,69,28.79949206349206
M,71,37.027918367346935
M,66,32.9137052154195
M,71,41.14213151927438
F,64,25.919542857142854
F,64,24.685278911564627
M,72,47.31345124716553
M,72,33.94225850340136
M,70,33.94225850340136
F,64,32.9137052154195
F,65,32.9137052154195
M,70,39.08502494331066
F,64,40.113578231292514
M,65,44.84492335600907
M,64,30.85659863945578
F,61,32.9137052154195
M,71,31.88515192743764
F,64,37.233629024943305
M,70,46.284897959183674
F,66,32.9137052154195
F,65,45.25634467120181
F,67,29.828045351473925
M,72,36.205075736961454
M,64,27.770938775510203
F,61,46.284897959183674
F,68,32.9137052154195
M,70,37.027918367346935
M,74,42.582106122448984
F,61,49.37055782312925
F,61,32.9137052154195
M,69,37.027918367346935
F,64,22.628172335600905
F,67,30.23946666666666
M,71,58.83324807256236
F,63,28.79949206349206
M,71,28.79949206349206
F,66,29.828045351473925
M,70,35.999365079365084
F,61,20.57106575963719
M,68,37.027918367346935
F,63,33.94225850340136
M,70,43.199238095238094
F,61,43.199238095238094
F,60,28.18236009070295
F,64,26.742385487528345
M,76,43.199238095238094
M,63,30.85659863945578
M,75,49.37055782312925
F,63,26.125253514739228
M,71,45.25634467120181
M,70,42.787816780045354
M,67,37.43933968253968
F,65,39.08502494331066
F,64,30.03375600907029
F,61,35.999365079365084
M,68,34.55939047619048
F,66,32.9137052154195
M,68,41.14213151927438
F,64,32.9137052154195
M,72,50.399111111111104
F,63,27.35951746031746
M,71,42.17068480725624
M,70,46.0791873015873
F,61,30.23946666666666
F,61,30.85659863945578
F,64,28.79949206349206
F,69,32.29657324263038
M,66,29.62233469387755
M,75,45.25634467120181
F,64,23.451014965986396
F,68,26.330964172335598
M,68,41.14213151927438
F,65,30.85659863945578
M,69,39.08502494331066
M,71,29.828045351473925
F,65,25.713832199546484
M,67,30.85659863945578
F,66,27.15380680272109
M,66,34.97081179138322
F,65,40.113578231292514
M,70,32.9137052154195
F,64,24.685278911564627
M,72,34.97081179138322
M,68,37.027918367346935
F,67,38.05647165532879
F,65,51.2219537414966
F,65,22.628172335600905
M,64,38.05647165532879
F,64,32.9137052154195
F,64,33.94225850340136
F,66,37.027918367346935
F,63,26.742385487528345
M,74,41.14213151927438
F,60,24.685278911564627
F,63,26.948096145124715
F,61,32.9137052154195
M,68,33.94225850340136
M,65,32.9137052154195
F,66,25.919542857142854
M,74,37.027918367346935
F,67,43.199238095238094
F,63,56.3647201814059
M,71,42.17068480725624
F,67,41.14213151927438
F,69,45.25634467120181
M,73,43.199238095238094
M,69,31.062309297052153
F,61,20.982487074829933
F,63,28.18236009070295
M,67,39.08502494331066
F,65,26.742385487528345
F,68,36.205075736961454
M,67,39.08502494331066
M,71,40.113578231292514
F,68,45.25634467120181
F,60,24.685278911564627
F,65,23.656725623582766
F,65,41.55355283446712
F,68,28.79949206349206
M,68,41.75926349206349
F,65,34.97081179138322
M,70,32.9137052154195
M,68,35.999365079365084
M,70,39.08502494331066
M,71,39.08502494331066
F,67,24.685278911564627
F,64,48.342004535147396
F,64,51.83908571428571
F,59,23.656725623582766
F,59,43.199238095238094
F,61,26.742385487528345
F,60,27.770938775510203
M,70,54.1019029478458
F,61,31.88515192743764
F,60,25.50812154195011
M,69,30.85659863945578
F,61,47.31345124716553
F,69,29.828045351473925
M,68,32.70799455782313
F,66,34.55939047619048
F,61,22.628172335600905
F,68,37.027918367346935
F,64,32.9137052154195
M,70,28.79949206349206
F,64,28.79949206349206
F,61,28.79949206349206
M,69,38.05647165532879
F,66,49.37055782312925
F,59,46.696319274376414
F,68,26.330964172335598
F,68,32.9137052154195
M,73,60.68464399092971
M,68,41.14213151927438
F,67,32.9137052154195
M,76,42.17068480725624
F,65,26.742385487528345
M,73,41.14213151927438
F,64,26.742385487528345
F,64,26.742385487528345
M,71,42.17068480725624
M,65,40.113578231292514
F,61,40.319288888888885
M,71,40.113578231292514
F,60,21.599619047619047
F,61,29.828045351473925
F,65,45.05063401360544
M,72,38.05647165532879
M,69,34.3536798185941
M,70,40.113578231292514
M,71,33.94225850340136
M,68,32.9137052154195
F,61,22.628172335600905
F,65,28.79949206349206
F,63,24.685278911564627
F,66,31.88515192743764
F,66,41.14213151927438
F,61,28.79949206349206
F,61,47.31345124716553
F,66,35.38223310657597
M,65,35.999365079365084
F,61,44.84492335600907
F,68,45.25634467120181
F,65,29.41662403628118
F,64,26.125253514739228
M,65,27.770938775510203
M,70,39.4964462585034
M,63,35.999365079365084
F,60,51.42766439909297
F,69,47.72487256235828
F,63,34.55939047619048
F,61,30.85659863945578
F,60,26.742385487528345
F,61,29.828045351473925
M,67,35.999365079365084
F,66,51.42766439909297
F,65,30.85659863945578
F,66,35.58794376417234
M,72,41.14213151927438
F,68,25.713832199546484
F,64,35.38223310657597
M,67,37.027918367346935
F,65,32.9137052154195
M,71,51.42766439909297
M,72,30.85659863945578
F,61,28.79949206349206
M,71,37.027918367346935
F,63,25.50812154195011
F,68,38.05647165532879
M,67,34.97081179138322
M,70,41.34784217687075
F,65,30.85659863945578
F,67,27.15380680272109
F,66,41.14213151927438
M,72,37.027918367346935
F,67,39.08502494331066
F,67,28.79949206349206
M,70,35.999365079365084
F,60,24.685278911564627
F,61,27.770938775510203
F,61,22.422461678004534
M,65,28.79949206349206
M,73,46.284897959183674
M,63,28.79949206349206
F,61,51.42766439909297
M,76,56.57043083900226
F,61,32.9137052154195
M,68,32.9137052154195
M,70,35.999365079365084
M,71,39.08502494331066
M,73,36.822207709750565
F,65,41.55355283446712
M,67,32.9137052154195
M,71,57.59898412698412
F,60,34.97081179138322
F,68,26.330964172335598
F,65,32.9137052154195
M,67,41.14213151927438
M,67,43.199238095238094
F,67,28.79949206349206
M,69,39.08502494331066
M,67,29.210913378684808
M,65,33.325126530612245
F,61,31.88515192743764
M,71,39.08502494331066
F,64,30.445177324263035
F,60,23.03959365079365
F,61,25.30241088435374
F,66,53.48477097505669
F,69,29.828045351473925
F,60,26.742385487528345
F,60,22.628172335600905
F,60,25.50812154195011
M,66,27.770938775510203
M,71,45.25634467120181
F,61,47.31345124716553
M,72,51.42766439909297
F,63,36.61649705215419
F,64,24.685278911564627
M,72,35.38223310657597
F,65,23.656725623582766
M,72,43.199238095238094
M,68,35.999365079365084
F,66,32.9137052154195
M,76,45.25634467120181
M,69,40.113578231292514
F,61,28.59378140589569
M,67,51.42766439909297
F,65,30.85659863945578
F,68,35.999365079365084
F,66,30.23946666666666
F,66,39.08502494331066
M,70,38.05647165532879
M,66,39.907867573696144
M,72,34.97081179138322
F,67,41.14213151927438
M,72,45.25634467120181
M,74,55.541877551020406
F,64,31.679441269841266
F,64,31.88515192743764
M,74,47.31345124716553
M,69,41.14213151927438
M,67,32.9137052154195
F,68,43.199238095238094
M,66,33.94225850340136
F,63,26.742385487528345
M,71,37.027918367346935
F,61,34.97081179138322
F,63,24.685278911564627
M,69,43.199238095238094
M,71,50.399111111111104
M,71,37.027918367346935
F,63,38.26218231292517
M,66,31.88515192743764
F,61,34.97081179138322
F,59,22.628172335600905
F,64,25.713832199546484
M,69,33.94225850340136
F,66,47.31345124716553
M,68,39.08502494331066
F,65,28.79949206349206
F,65,54.51332426303855
F,65,26.742385487528345
M,72,50.81053242630385
F,68,27.565228117913833
F,65,32.70799455782313
M,71,35.79365442176871
M,72,44.22779138321995
F,61,26.125253514739228
F,63,30.85659863945578
F,65,39.08502494331066
F,66,38.87931428571429
F,66,38.87931428571429
F,65,35.58794376417234
M,67,44.22779138321995
F,68,34.97081179138322
M,75,47.31345124716553
F,67,25.713832199546484
M,68,32.9137052154195
M,68,41.14213151927438
F,64,30.85659863945578
M,69,37.027918367346935
M,73,45.667765986394556
M,68,40.113578231292514
M,72,32.9137052154195
M,71,47.31345124716553
F,65,43.199238095238094
F,61,40.73071020408163
F,67,34.55939047619048
M,67,33.736547845804985
M,71,38.05647165532879
M,70,39.08502494331066
F,61,36.61649705215419
F,69,32.9137052154195
M,65,39.08502494331066
F,66,26.742385487528345
M,71,38.05647165532879
F,61,24.06814693877551
F,63,31.473730612244896
F,65,40.113578231292514
M,69,41.14213151927438
M,73,34.3536798185941
F,63,21.188197732426303
M,69,32.9137052154195
M,72,41.14213151927438
M,70,32.9137052154195
F,60,33.94225850340136
M,69,40.113578231292514
M,66,38.26218231292517
M,73,51.42766439909297
M,71,37.027918367346935
M,68,34.97081179138322
F,63,26.742385487528345
F,67,39.08502494331066
F,66,26.742385487528345
F,64,30.85659863945578
M,75,48.342004535147396
F,61,42.17068480725624
M,70,37.85076099773242
M,76,43.199238095238094
F,65,47.31345124716553
M,69,37.027918367346935
M,71,36.205075736961454
F,67,54.1019029478458
M,70,51.42766439909297
M,70,41.14213151927438
M,72,60.68464399092971
M,70,46.696319274376414
F,61,28.79949206349206
M,68,30.85659863945578
F,61,21.599619047619047
F,63,32.9137052154195
F,68,34.97081179138322
F,63,33.530837188208615
M,69,39.08502494331066
F,68,33.94225850340136
F,70,51.42766439909297
F,61,36.205075736961454
M,71,45.25634467120181
M,73,38.05647165532879
M,70,33.325126530612245
M,75,43.199238095238094
M,66,30.85659863945578
M,74,50.399111111111104
M,70,29.828045351473925
F,64,25.713832199546484
F,64,24.685278911564627
F,68,38.05647165532879
F,65,29.828045351473925
M,69,30.85659863945578
M,64,35.999365079365084
M,73,32.9137052154195
M,73,56.57043083900226
F,68,43.199238095238094
M,70,40.113578231292514
M,75,36.410786394557825
F,61,26.742385487528345
F,63,23.656725623582766
M,68,33.94225850340136
F,67,28.79949206349206
M,69,35.58794376417234
F,66,34.97081179138322
F,64,34.55939047619048
F,61,47.31345124716553
F,63,32.9137052154195
F,60,30.85659863945578
F,64,25.713832199546484
F,61,27.770938775510203
M,68,32.29657324263038
M,74,47.31345124716553
F,63,32.9137052154195
F,61,28.79949206349206
F,63,36.61649705215419
F,60,44.22779138321995
F,66,28.79949206349206
F,65,33.530837188208615
F,65,35.999365079365084
F,67,30.85659863945578
M,69,34.97081179138322
F,67,38.05647165532879
F,61,30.85659863945578
M,70,35.999365079365084
F,64,36.61649705215419
F,61,30.85659863945578
F,66,38.46789297052154
M,66,34.97081179138322
F,69,28.79949206349206
M,68,39.08502494331066
M,74,38.05647165532879
F,69,30.03375600907029
F,70,47.93058321995465
M,73,31.88515192743764
M,67,35.999365079365084
F,63,25.713832199546484
M,72,43.199238095238094
M,66,43.610659410430834
M,75,45.25634467120181
F,63,34.76510113378685
M,69,34.14796916099773
F,68,31.268019954648523
M,71,37.43933968253968
M,70,41.75926349206349
F,64,23.656725623582766
F,65,25.096700226757367
M,72,60.68464399092971
F,70,26.742385487528345
F,64,24.685278911564627
M,67,43.199238095238094
F,64,25.713832199546484
M,70,30.85659863945578
F,65,23.656725623582766
F,68,30.03375600907029
F,66,51.42766439909297
M,73,38.05647165532879
F,63,30.445177324263035
F,65,35.58794376417234
F,66,29.828045351473925
M,66,44.02208072562358
M,74,46.490608616780044
M,71,43.199238095238094
F,68,27.565228117913833
M,73,33.325126530612245
M,66,28.79949206349206
F,70,39.08502494331066
M,70,47.31345124716553
M,68,30.85659863945578
F,67,31.88515192743764
M,66,33.94225850340136
F,65,26.53667482993197
F,69,27.15380680272109
F,63,35.999365079365084
M,75,52.456217687074826
F,66,23.656725623582766
F,61,41.14213151927438
F,68,27.770938775510203
M,68,31.88515192743764
F,70,26.742385487528345
F,68,47.93058321995465
M,70,33.94225850340136
F,67,36.61649705215419
M,69,36.410786394557825
F,64,32.9137052154195
M,68,38.05647165532879
M,69,43.199238095238094
F,65,38.05647165532879
F,61,29.828045351473925
M,71,51.42766439909297
F,68,34.97081179138322
F,66,31.88515192743764
F,65,32.9137052154195
M,67,41.14213151927438
F,67,29.828045351473925
F,61,22.628172335600905
M,66,37.027918367346935
M,67,42.17068480725624
F,65,34.97081179138322
M,70,43.199238095238094
F,61,32.9137052154195
M,64,35.999365079365084
M,69,49.37055782312925
M,72,32.9137052154195
M,67,40.113578231292514
F,65,40.319288888888885
F,61,25.713832199546484
F,61,33.94225850340136
M,68,41.14213151927438
F,61,22.628172335600905
F,61,35.999365079365084
F,64,32.9137052154195
F,63,31.88515192743764
F,69,38.67360362811791
M,69,37.027918367346935
F,65,34.97081179138322
M,71,45.25634467120181
F,66,34.97081179138322
F,64,27.15380680272109
M,72,41.14213151927438
M,68,51.42766439909297
F,65,30.85659863945578
M,72,48.13629387755102
F,68,37.027918367346935
F,64,39.08502494331066
M,72,38.05647165532879
F,64,23.656725623582766
M,72,38.05647165532879
F,60,26.742385487528345
F,65,28.79949206349206
M,73,37.027918367346935
M,67,47.93058321995465
F,65,24.06814693877551
F,65,37.85076099773242
F,66,28.79949206349206
M,71,28.79949206349206
F,61,47.31345124716553
F,60,30.85659863945578
F,59,30.85659863945578
F,61,26.742385487528345
M,70,48.342004535147396
F,68,32.9137052154195
M,70,35.999365079365084
F,65,26.742385487528345
M,72,38.05647165532879
M,69,37.027918367346935
M,68,32.9137052154195
M,68,27.770938775510203
F,66,27.770938775510203
F,63,27.770938775510203
F,68,34.97081179138322
F,64,22.628172335600905
F,65,35.999365079365084
M,70,33.94225850340136
F,61,32.50228390022676
F,67,33.325126530612245
M,68,38.05647165532879
F,64,23.245304308390022
F,67,26.742385487528345
F,66,34.97081179138322
M,69,41.14213151927438
F,64,32.9137052154195
F,64,25.713832199546484
F,63,28.79949206349206
M,72,51.42766439909297
M,71,35.999365079365084
F,61,26.742385487528345
M,70,33.325126530612245
F,64,34.97081179138322
M,70,38.05647165532879
M,71,32.9137052154195
F,59,38.05647165532879
F,64,27.770938775510203
F,69,32.9137052154195
F,66,32.9137052154195
M,74,45.25634467120181
F,64,28.18236009070295
F,64,53.48477097505669
F,67,31.268019954648523
F,63,30.85659863945578
F,67,33.94225850340136
F,64,24.685278911564627
M,68,37.027918367346935
F,61,55.74758820861678
F,64,41.14213151927438
M,69,35.999365079365084
M,66,38.05647165532879
M,67,27.770938775510203
M,70,33.94225850340136
F,63,31.679441269841266
F,61,41.14213151927438
M,66,28.79949206349206
F,64,37.027918367346935
F,63,32.9137052154195
M,68,41.14213151927438
F,64,32.9137052154195
M,74,43.199238095238094
F,65,41.14213151927438
F,66,25.713832199546484
M,71,57.59898412698412
M,74,56.57043083900226
M,75,45.25634467120181
F,65,26.125253514739228
F,68,50.399111111111104
F,66,28.79949206349206
F,66,40.113578231292514
F,64,20.57106575963719
F,68,38.05647165532879
M,68,35.999365079365084
F,68,28.79949206349206
F,70,43.610659410430834
F,63,22.628172335600905
F,59,26.742385487528345
M,71,29.828045351473925
F,64,28.79949206349206
M,76,59.65609070294785
M,67,34.97081179138322
M,71,52.456217687074826
M,68,47.31345124716553
F,64,26.742385487528345
F,66,30.85659863945578
F,66,40.73071020408163
F,64,53.48477097505669
M,71,39.08502494331066
M,76,39.08502494331066
M,71,36.410786394557825
F,63,45.25634467120181
M,68,41.14213151927438
M,71,35.38223310657597
M,73,38.05647165532879
M,75,32.9137052154195
F,63,34.97081179138322
F,67,27.770938775510203
M,72,45.25634467120181
F,61,22.422461678004534
F,65,29.828045351473925
F,64,25.096700226757367
F,61,39.08502494331066
M,67,41.14213151927438
F,65,43.199238095238094
F,68,26.330964172335598
F,68,33.94225850340136
M,72,46.284897959183674
F,59,23.03959365079365
F,63,26.742385487528345
M,70,46.284897959183674
F,67,30.445177324263035
M,68,46.284897959183674
M,73,41.14213151927438
F,65,32.9137052154195
M,66,32.50228390022676
F,67,45.462055328798186
F,64,28.79949206349206
M,72,36.61649705215419
M,75,49.37055782312925
F,61,29.62233469387755
M,65,40.319288888888885
M,71,46.696319274376414
M,72,54.51332426303855
M,69,43.199238095238094
F,61,29.62233469387755
M,68,49.37055782312925
M,72,29.828045351473925
F,65,25.50812154195011
F,61,30.85659863945578
F,64,30.85659863945578
M,73,45.25634467120181
F,65,39.08502494331066
M,74,41.14213151927438
F,61,32.9137052154195
F,63,32.9137052154195
M,71,39.08502494331066
M,69,37.43933968253968
F,67,28.79949206349206
F,69,32.50228390022676
M,67,32.29657324263038
F,69,28.79949206349206
F,61,25.096700226757367
M,66,30.85659863945578
F,70,31.88515192743764
F,60,39.08502494331066
M,74,51.42766439909297
F,61,37.027918367346935
F,68,29.828045351473925
F,61,26.742385487528345
M,66,36.205075736961454
F,61,22.628172335600905
M,72,37.027918367346935
M,73,40.319288888888885
F,67,29.828045351473925
F,70,42.993527437641724
F,66,34.97081179138322
F,64,43.610659410430834
M,73,50.399111111111104
M,67,36.61649705215419
M,69,37.027918367346935
F,60,24.273857596371883
M,69,37.027918367346935
F,68,32.9137052154195
M,68,35.999365079365084
M,67,34.97081179138322
M,75,47.31345124716553
M,75,45.25634467120181
F,70,33.530837188208615
F,63,28.79949206349206
F,61,22.628172335600905
F,61,27.770938775510203
M,70,39.08502494331066
F,61,25.713832199546484
M,67,33.736547845804985
M,69,59.2446693877551
M,67,37.027918367346935
M,71,42.17068480725624
M,75,37.027918367346935
F,63,41.55355283446712
M,67,46.0791873015873
M,70,44.63921269841269
M,69,32.29657324263038
F,66,26.742385487528345
F,61,28.79949206349206
F,68,49.37055782312925
F,61,32.29657324263038
M,68,34.97081179138322
F,61,22.628172335600905
M,66,40.113578231292514
M,76,47.72487256235828
M,64,35.999365079365084
F,61,29.828045351473925
M,63,29.828045351473925
M,69,48.342004535147396
M,72,49.37055782312925
M,75,37.027918367346935
F,70,43.199238095238094
F,65,37.43933968253968
F,66,37.027918367346935
F,66,39.08502494331066
M,69,35.999365079365084
F,61,38.67360362811791
F,69,26.742385487528345
M,68,36.205075736961454
M,65,30.03375600907029
F,60,29.828045351473925
F,68,39.4964462585034
F,63,38.05647165532879
M,71,46.284897959183674
F,61,24.685278911564627
M,72,32.50228390022676
M,73,52.456217687074826
F,66,29.41662403628118
F,68,30.85659863945578
F,63,28.79949206349206
M,70,40.113578231292514
F,61,24.685278911564627
M,71,29.828045351473925
M,68,28.388070748299317
M,70,35.79365442176871
F,61,34.3536798185941
F,68,37.027918367346935
M,69,38.26218231292517
F,64,29.828045351473925
M,76,51.42766439909297
F,65,46.490608616780044
F,63,44.22779138321995
F,64,33.94225850340136
M,68,36.410786394557825
F,61,40.73071020408163
F,61,26.742385487528345
F,63,29.828045351473925
M,71,36.61649705215419
M,76,43.199238095238094
M,65,32.9137052154195
M,68,48.342004535147396
F,64,29.828045351473925
F,64,31.473730612244896
M,68,29.828045351473925
F,68,31.88515192743764
M,71,33.94225850340136
F,63,21.599619047619047
F,61,30.445177324263035
M,70,32.9137052154195
F,65,25.713832199546484
M,67,37.027918367346935
F,64,37.027918367346935
F,61,25.713832199546484
F,64,32.9137052154195
F,61,26.53667482993197
F,64,26.330964172335598
F,67,25.713832199546484
M,72,34.76510113378685
M,70,37.027918367346935
F,60,32.9137052154195
M,70,35.999365079365084
F,64,28.79949206349206
F,67,30.85659863945578
F,59,31.88515192743764
M,69,38.05647165532879
M,67,30.23946666666666
M,69,38.05647165532879
F,61,32.9137052154195
M,70,31.88515192743764
M,68,35.999365079365084
M,71,58.627537414965985
M,69,53.48477097505669
M,69,33.94225850340136
F,68,41.14213151927438
M,68,40.113578231292514
F,63,35.999365079365084
F,61,33.94225850340136
M,64,33.94225850340136
F,61,25.713832199546484
M,74,35.999365079365084
M,64,41.55355283446712
F,65,22.628172335600905
M,69,28.79949206349206
F,64,25.713832199546484
F,69,25.713832199546484
M,68,38.05647165532879
F,65,26.742385487528345
F,61,51.42766439909297
M,73,38.05647165532879
F,63,37.85076099773242
F,60,27.770938775510203
F,65,28.79949206349206
M,75,45.87347664399093
M,67,29.828045351473925
F,66,34.55939047619048
M,70,45.25634467120181
M,69,42.37639546485261
M,67,34.97081179138322
F,59,32.09086258503401
M,75,48.342004535147396
F,64,37.85076099773242
F,65,30.85659863945578
F,67,27.770938775510203
F,61,44.63921269841269
M,70,53.48477097505669
F,61,27.15380680272109
F,69,24.685278911564627
M,68,41.14213151927438
F,63,31.88515192743764
F,65,45.25634467120181
F,69,42.17068480725624
F,63,32.9137052154195
M,64,38.05647165532879
M,70,53.48477097505669
F,61,23.656725623582766
F,64,45.25634467120181
F,63,53.48477097505669
F,67,25.919542857142854
M,67,44.63921269841269
F,64,22.628172335600905
F,68,29.828045351473925
M,74,46.284897959183674
M,72,49.37055782312925
F,67,35.999365079365084
F,64,27.770938775510203
F,63,32.9137052154195
M,65,30.445177324263035
F,66,37.027918367346935
M,71,30.85659863945578
F,61,33.94225850340136
F,61,27.15380680272109
M,68,30.85659863945578
M,68,34.55939047619048
M,68,37.027918367346935
F,65,39.08502494331066
M,64,32.9137052154195
M,69,32.9137052154195
F,67,22.628172335600905
F,64,31.88515192743764
M,63,49.37055782312925
F,60,32.9137052154195
M,69,41.34784217687075
F,64,22.01104036281179
F,64,26.742385487528345
F,65,28.79949206349206
F,65,23.656725623582766
M,67,45.25634467120181
M,72,32.9137052154195
M,68,43.199238095238094
M,68,35.38223310657597
M,69,44.84492335600907
F,64,42.17068480725624
M,72,45.25634467120181
F,67,44.22779138321995
F,65,37.027918367346935
F,59,42.787816780045354
F,66,33.94225850340136
F,64,25.096700226757367
M,67,30.23946666666666
M,74,57.59898412698412
M,70,37.027918367346935
M,70,32.9137052154195
F,68,31.88515192743764
M,71,39.4964462585034
F,65,27.770938775510203
F,66,51.83908571428571
F,61,22.21675102040816
M,70,43.816370068027204
M,70,54.51332426303855
F,69,52.456217687074826
M,65,33.94225850340136
F,66,47.31345124716553
F,66,27.770938775510203
F,67,30.85659863945578
F,63,41.14213151927438
M,67,35.999365079365084
F,68,39.907867573696144
F,64,34.14796916099773
M,74,37.027918367346935
F,65,34.97081179138322
F,63,27.770938775510203
F,64,26.742385487528345
M,68,41.14213151927438
F,63,24.685278911564627
M,70,37.027918367346935
M,68,38.05647165532879
F,69,33.325126530612245
F,61,32.9137052154195
M,65,30.445177324263035
F,61,32.9137052154195
M,73,34.97081179138322
M,64,30.85659863945578
F,66,28.79949206349206
F,61,43.199238095238094
F,67,34.97081179138322
F,66,37.027918367346935
F,66,37.027918367346935
F,64,40.113578231292514
M,75,60.68464399092971
M,67,34.97081179138322
M,72,43.199238095238094
M,67,33.94225850340136
M,72,50.399111111111104
M,74,43.199238095238094
F,61,30.85659863945578
F,63,24.273857596371883
F,60,24.479568253968253
M,72,41.14213151927438
F,61,41.14213151927438
F,64,35.38223310657597
F,61,29.828045351473925
F,61,25.30241088435374
M,69,33.94225850340136
F,64,33.94225850340136
F,67,34.97081179138322
M,67,33.94225850340136
F,61,29.828045351473925
M,64,30.85659863945578
F,66,31.473730612244896
M,74,34.97081179138322
F,59,28.79949206349206
M,69,38.87931428571429
F,68,27.35951746031746
M,65,37.027918367346935
F,66,31.268019954648523
M,73,32.29657324263038
M,75,51.42766439909297
M,67,47.31345124716553
M,66,38.05647165532879
M,71,59.65609070294785
F,65,25.30241088435374
M,71,37.027918367346935
M,69,38.26218231292517
M,73,35.38223310657597
F,64,25.30241088435374
M,72,46.284897959183674
F,64,39.08502494331066
F,67,27.770938775510203
M,76,36.61649705215419
M,64,28.79949206349206
F,59,23.656725623582766
M,69,37.027918367346935
M,69,41.14213151927438
M,66,43.199238095238094
M,73,49.37055782312925
M,71,41.14213151927438
F,67,41.14213151927438
F,65,30.85659863945578
F,68,28.79949206349206
F,65,55.541877551020406
F,61,33.530837188208615
M,72,46.284897959183674
M,71,49.37055782312925
M,67,46.284897959183674
F,69,41.14213151927438
F,65,35.999365079365084
M,72,39.702156916099774
F,64,25.50812154195011
F,61,21.805329705215417
F,63,27.770938775510203
M,73,58.21611609977324
F,65,28.79949206349206
M,69,57.59898412698412
F,61,31.268019954648523
M,73,51.42766439909297
M,74,46.0791873015873
M,73,37.027918367346935
M,71,34.3536798185941
F,61,33.94225850340136
M,69,40.113578231292514
M,68,55.541877551020406
F,63,28.79949206349206
F,64,27.770938775510203
F,61,22.628172335600905
M,72,50.399111111111104
M,72,41.14213151927438
F,66,23.03959365079365
F,61,32.9137052154195
M,69,42.17068480725624
F,63,31.88515192743764
F,64,30.03375600907029
M,66,32.9137052154195
M,63,32.9137052154195
F,61,28.79949206349206
M,69,39.08502494331066
M,67,35.38223310657597
F,64,51.42766439909297
F,63,22.628172335600905
M,68,39.08502494331066
F,68,24.685278911564627
M,72,46.696319274376414
M,73,53.48477097505669
F,63,26.742385487528345
F,66,35.79365442176871
F,65,30.23946666666666
F,66,22.21675102040816
M,73,34.14796916099773
M,66,37.64505034013605
F,61,25.713832199546484
F,60,26.53667482993197
F,64,32.9137052154195
F,66,26.742385487528345
M,75,50.399111111111104
F,66,41.14213151927438
M,69,57.59898412698412
M,74,46.284897959183674
M,71,32.9137052154195
F,61,27.15380680272109
F,64,22.628172335600905
M,72,56.57043083900226
M,71,46.284897959183674
F,68,30.445177324263035
M,76,51.42766439909297
F,61,25.713832199546484
F,67,51.42766439909297
M,66,48.753425850340136
F,61,42.17068480725624
F,60,23.656725623582766
F,68,23.656725623582766
M,72,37.027918367346935
F,64,26.742385487528345
F,67,30.85659863945578
M,68,38.05647165532879
M,71,39.08502494331066
M,67,32.70799455782313
M,67,32.9137052154195
F,67,34.97081179138322
M,70,31.88515192743764
M,68,33.94225850340136
F,64,42.787816780045354
M,72,35.79365442176871
F,64,32.29657324263038
M,67,40.319288888888885
F,63,30.85659863945578
M,68,45.25634467120181
M,70,53.48477097505669
F,61,44.22779138321995
F,65,30.85659863945578
M,71,53.48477097505669
F,64,44.43350204081632
M,76,57.59898412698412
F,66,52.661928344671196
M,69,37.027918367346935
M,75,51.42766439909297
F,60,34.97081179138322
M,72,39.08502494331066
M,71,50.81053242630385
F,61,22.422461678004534
M,69,33.94225850340136
F,68,34.97081179138322
M,76,42.17068480725624
F,61,48.342004535147396
M,69,48.342004535147396
F,65,29.210913378684808
M,68,45.25634467120181
F,66,34.97081179138322
M,69,42.17068480725624
F,61,30.85659863945578
M,67,34.14796916099773
M,73,60.68464399092971
F,61,35.999365079365084
F,67,30.85659863945578
F,70,47.31345124716553
M,70,47.31345124716553
M,73,49.37055782312925
M,65,28.388070748299317
M,68,30.85659863945578
M,70,45.25634467120181
F,63,34.97081179138322
F,61,23.656725623582766
M,67,32.9137052154195
F,64,34.97081179138322
F,61,30.85659863945578
F,64,26.742385487528345
F,61,31.88515192743764
M,72,46.90202993197279
F,64,28.79949206349206
F,66,34.97081179138322
M,73,46.90202993197279
M,72,40.113578231292514
F,60,29.828045351473925
M,71,39.08502494331066
F,64,26.125253514739228
M,68,32.9137052154195
M,66,32.29657324263038
F,61,32.09086258503401
M,75,42.17068480725624
M,72,29.41662403628118
F,64,25.713832199546484
M,72,41.14213151927438
M,69,41.75926349206349
F,60,22.628172335600905
M,65,32.9137052154195
M,68,37.027918367346935
M,74,57.59898412698412
F,60,30.85659863945578
M,68,37.027918367346935
F,63,28.79949206349206
M,66,32.9137052154195
M,69,41.75926349206349
M,67,38.05647165532879
F,64,33.94225850340136
M,73,37.64505034013605
F,60,32.9137052154195
M,72,45.25634467120181
F,63,27.770938775510203
F,65,45.25634467120181
F,67,29.210913378684808
F,64,30.85659863945578
F,60,29.828045351473925
M,66,41.14213151927438
F,70,40.113578231292514
F,65,41.14213151927438
F,67,31.268019954648523
M,72,38.05647165532879
F,65,30.85659863945578
M,70,35.999365079365084
F,61,41.14213151927438
F,60,23.656725623582766
M,71,46.284897959183674
F,63,28.79949206349206
M,70,30.85659863945578
M,70,38.05647165532879
M,73,57.59898412698412
F,61,26.742385487528345
F,61,45.05063401360544
F,67,26.742385487528345
M,68,37.027918367346935
M,71,29.828045351473925
M,69,34.97081179138322
F,61,35.999365079365084
F,63,31.88515192743764
F,64,32.9137052154195
M,67,43.610659410430834
F,65,30.85659863945578
F,60,25.713832199546484
F,67,33.94225850340136
M,68,35.79365442176871
M,72,32.9137052154195
F,64,26.742385487528345
F,66,32.9137052154195
M,66,37.027918367346935
F,64,25.713832199546484
M,71,49.37055782312925
F,67,27.770938775510203
F,61,28.18236009070295
M,70,32.9137052154195
M,69,30.85659863945578
F,64,28.79949206349206
F,64,31.88515192743764
M,71,46.284897959183674
M,68,43.199238095238094
F,68,35.38223310657597
M,68,38.05647165532879
F,64,25.713832199546484
M,69,40.113578231292514
F,61,39.08502494331066
M,65,34.97081179138322
F,64,26.742385487528345
M,64,32.9137052154195
F,64,25.919542857142854
F,65,24.06814693877551
M,67,27.770938775510203
F,65,41.14213151927438
F,63,36.61649705215419
M,71,39.4964462585034
M,74,45.25634467120181
M,68,38.05647165532879
M,75,42.787816780045354
M,68,40.113578231292514
F,69,40.113578231292514
M,73,44.02208072562358
F,67,41.14213151927438
F,61,24.685278911564627
M,67,37.027918367346935
F,68,33.94225850340136
M,69,35.999365079365084
M,65,28.79949206349206
F,66,23.656725623582766
F,67,30.85659863945578
F,65,29.828045351473925
M,69,44.22779138321995
F,69,28.18236009070295
F,63,28.79949206349206
F,66,41.14213151927438
M,67,34.97081179138322
M,76,40.113578231292514
F,67,44.43350204081632
M,68,44.22779138321995
F,67,42.993527437641724
M,65,30.85659863945578
F,65,37.027918367346935
M,69,32.9137052154195
F,61,32.9137052154195
M,67,39.08502494331066
M,71,35.38223310657597
F,63,39.29073560090703
M,73,33.530837188208615
M,68,41.14213151927438
F,63,32.9137052154195
F,61,23.656725623582766
F,65,24.685278911564627
F,66,29.828045351473925
M,67,41.14213151927438
F,63,28.79949206349206
M,70,45.25634467120181
M,74,42.787816780045354
F,66,31.88515192743764
M,73,50.399111111111104
F,66,29.41662403628118
F,64,22.628172335600905
M,69,30.85659863945578
F,60,24.273857596371883
M,68,27.770938775510203
F,64,26.742385487528345
M,73,49.37055782312925
F,59,22.628172335600905
M,66,30.85659863945578
F,65,41.14213151927438
M,69,42.37639546485261
F,67,33.94225850340136
F,63,32.9137052154195
F,66,32.50228390022676
F,67,28.59378140589569
F,61,27.770938775510203
M,76,41.14213151927438
M,67,32.9137052154195
M,76,44.22779138321995
F,64,32.9137052154195
F,67,37.43933968253968
F,61,29.828045351473925
F,67,33.94225850340136
M,70,39.08502494331066
M,67,51.42766439909297
F,64,27.770938775510203
M,67,43.199238095238094
F,61,42.787816780045354
F,64,25.713832199546484
F,68,28.79949206349206
F,64,25.713832199546484
F,68,26.742385487528345
F,68,29.828045351473925
M,69,32.9137052154195
M,67,51.42766439909297
F,63,25.096700226757367
F,67,29.828045351473925
M,69,34.97081179138322
M,72,38.05647165532879
M,68,37.027918367346935
F,67,27.770938775510203
F,66,24.685278911564627
M,70,39.08502494331066
F,64,23.656725623582766
F,65,26.742385487528345
F,67,29.828045351473925
F,61,24.685278911564627
F,63,39.907867573696144
M,71,35.999365079365084
F,68,39.08502494331066
F,67,34.97081179138322
M,68,30.85659863945578
F,61,27.770938775510203
F,65,34.97081179138322
M,74,40.73071020408163
F,61,24.06814693877551
F,64,26.742385487528345
F,65,26.742385487528345
F,66,26.742385487528345
M,70,40.113578231292514
F,67,29.828045351473925
F,63,30.85659863945578
M,75,29.828045351473925
F,60,30.85659863945578
F,68,51.42766439909297
F,66,24.685278911564627
F,60,24.685278911564627
F,64,29.828045351473925
M,72,34.97081179138322
F,64,43.199238095238094
M,70,39.08502494331066
M,66,32.50228390022676
F,65,32.9137052154195
F,67,24.685278911564627
F,68,25.713832199546484
M,73,40.113578231292514
M,68,47.72487256235828
M,73,51.42766439909297
F,65,28.79949206349206
M,63,26.742385487528345
M,70,47.31345124716553
F,63,26.742385487528345
M,73,45.25634467120181
F,68,37.027918367346935
F,61,38.26218231292517
F,64,22.628172335600905
F,64,25.713832199546484
M,65,39.08502494331066
M,72,41.14213151927438
F,63,29.828045351473925
F,65,32.9137052154195
F,61,23.656725623582766
M,64,34.97081179138322
M,72,49.37055782312925
F,65,22.628172335600905
M,70,43.199238095238094
M,70,37.027918367346935
F,63,36.61649705215419
M,70,31.88515192743764
F,67,33.736547845804985
M,68,28.79949206349206
M,72,49.37055782312925
M,67,31.88515192743764
F,61,24.685278911564627
M,67,35.999365079365084
M,70,33.94225850340136
M,65,35.999365079365084
F,64,26.948096145124715
M,72,43.199238095238094
M,72,41.14213151927438
M,68,37.64505034013605
M,69,46.284897959183674
M,75,49.37055782312925
M,69,28.79949206349206
F,60,27.770938775510203
F,64,39.08502494331066
M,71,59.65609070294785
F,67,29.828045351473925
M,68,57.59898412698412
M,71,35.999365079365084
F,64,49.37055782312925
M,67,32.9137052154195
M,66,30.445177324263035
F,63,32.50228390022676
F,66,28.79949206349206
M,70,30.85659863945578
F,61,38.05647165532879
F,65,23.656725623582766
F,61,40.52499954648526
F,68,26.742385487528345
F,67,32.9137052154195
M,67,44.22779138321995
F,61,35.79365442176871
M,67,31.88515192743764
F,59,20.982487074829933
M,69,51.42766439909297
F,65,30.85659863945578
F,63,25.096700226757367
M,71,40.319288888888885
F,69,29.62233469387755
M,71,41.14213151927438
M,72,39.08502494331066
F,68,30.85659863945578
F,60,31.679441269841266
F,63,22.628172335600905
F,66,26.742385487528345
M,70,37.43933968253968
F,65,45.462055328798186
M,72,31.679441269841266
M,76,44.22779138321995
M,68,28.79949206349206
M,68,32.9137052154195
F,64,34.76510113378685
F,68,30.85659863945578
F,67,39.08502494331066
M,68,34.97081179138322
F,64,30.85659863945578
M,73,41.14213151927438
M,75,46.284897959183674
M,71,42.582106122448984
M,66,33.94225850340136
M,73,45.25634467120181
M,67,35.999365079365084
F,64,24.06814693877551
M,73,40.113578231292514
M,71,31.88515192743764
F,66,40.113578231292514
M,72,35.999365079365084
F,70,41.14213151927438
M,70,40.113578231292514
M,72,43.199238095238094
F,67,34.97081179138322
F,67,33.94225850340136
F,64,34.97081179138322
M,67,30.445177324263035
F,63,34.97081179138322
M,70,42.17068480725624
M,70,56.57043083900226
M,67,51.42766439909297
F,70,30.85659863945578
M,67,33.94225850340136
M,72,40.73071020408163
F,63,23.656725623582766
F,66,30.85659863945578
F,65,30.85659863945578
F,65,29.828045351473925
F,60,34.97081179138322
M,72,40.113578231292514
F,61,27.770938775510203
F,67,47.31345124716553
F,70,32.9137052154195
F,64,28.59378140589569
M,70,45.25634467120181
F,66,41.14213151927438
F,67,36.822207709750565
M,72,34.97081179138322
F,63,23.03959365079365
F,64,52.661928344671196
M,73,43.199238095238094
M,67,29.41662403628118
M,73,41.14213151927438
M,67,30.85659863945578
M,75,41.14213151927438
M,68,31.062309297052153
M,69,32.9137052154195
M,69,43.199238095238094
F,63,27.770938775510203
M,66,55.541877551020406
M,74,35.999365079365084
M,68,35.38223310657597
F,64,34.55939047619048
F,64,27.770938775510203
M,68,43.199238095238094
F,65,28.79949206349206
F,66,26.125253514739228
F,67,30.85659863945578
M,64,36.61649705215419
F,68,45.25634467120181
F,63,23.656725623582766
M,75,35.999365079365084
F,63,51.42766439909297
F,64,26.742385487528345
F,65,29.41662403628118
F,63,28.79949206349206
F,64,24.273857596371883
M,67,41.14213151927438
F,67,32.9137052154195
F,61,43.199238095238094
F,68,27.15380680272109
M,65,27.770938775510203
M,72,40.113578231292514
F,65,29.828045351473925
F,65,31.473730612244896
F,60,26.53667482993197
F,64,31.88515192743764
F,61,26.742385487528345
M,73,55.130456235827666
M,72,38.05647165532879
F,61,22.833882993197278
M,68,38.05647165532879
F,63,51.01624308390022
M,74,47.31345124716553
M,75,58.627537414965985
M,70,39.08502494331066
F,64,29.41662403628118
F,64,24.685278911564627
M,68,38.05647165532879
F,66,28.79949206349206
M,70,41.14213151927438
M,68,27.770938775510203
F,63,44.22779138321995
F,67,30.445177324263035
F,67,45.25634467120181
F,66,25.713832199546484
F,61,31.88515192743764
M,71,32.9137052154195
M,74,51.42766439909297
M,68,30.85659863945578
M,71,57.18756281179138
M,69,42.17068480725624
M,72,47.72487256235828
F,69,47.31345124716553
F,61,29.210913378684808
M,72,44.22779138321995
M,72,41.14213151927438
F,70,55.130456235827666
F,65,22.01104036281179
F,63,37.64505034013605
F,61,43.199238095238094
M,65,32.9137052154195
M,66,30.85659863945578
M,66,35.999365079365084
F,68,28.79949206349206
M,68,32.50228390022676
F,64,24.685278911564627
M,70,41.14213151927438
F,67,28.79949206349206
F,66,37.027918367346935
M,66,39.29073560090703
M,72,35.999365079365084
F,64,31.88515192743764
M,72,39.08502494331066
M,68,35.999365079365084
M,70,38.46789297052154
F,64,28.79949206349206
F,63,32.09086258503401
M,67,41.14213151927438
M,69,47.31345124716553
F,61,28.59378140589569
M,72,45.25634467120181
M,76,57.59898412698412
F,66,26.125253514739228
F,63,42.37639546485261
F,68,33.736547845804985
F,64,53.48477097505669
M,71,53.48477097505669
F,64,24.685278911564627
F,68,30.03375600907029
F,65,45.25634467120181
F,67,23.86243628117914
F,64,39.08502494331066
M,69,38.05647165532879
F,63,32.70799455782313
F,61,38.05647165532879
M,69,47.31345124716553
M,66,31.88515192743764
F,64,25.50812154195011
F,70,30.85659863945578
F,67,51.42766439909297
M,68,39.08502494331066
F,61,37.027918367346935
F,67,51.42766439909297
F,64,29.828045351473925
M,71,36.410786394557825
F,63,34.76510113378685
F,63,49.37055782312925
F,66,30.85659863945578
F,61,32.9137052154195
F,66,38.05647165532879
F,64,26.742385487528345
M,66,47.31345124716553
M,68,56.3647201814059
M,72,39.08502494331066
F,60,25.713832199546484
M,66,44.22779138321995
M,69,43.199238095238094
M,69,37.64505034013605
F,64,33.530837188208615
F,61,34.97081179138322
F,59,26.742385487528345
F,64,32.70799455782313
F,69,39.08502494331066
F,61,32.09086258503401
F,67,26.742385487528345
F,63,27.770938775510203
M,72,46.284897959183674
F,65,26.330964172335598
F,69,35.17652244897959
F,70,27.770938775510203
F,67,28.79949206349206
F,61,25.713832199546484
F,66,28.59378140589569
M,69,41.14213151927438
F,61,31.88515192743764
M,72,32.9137052154195
F,67,26.742385487528345
M,69,31.679441269841266
M,69,40.113578231292514
F,61,24.685278911564627
M,74,38.05647165532879
F,63,23.451014965986396
F,67,41.14213151927438
M,70,47.31345124716553
F,61,22.628172335600905
F,68,30.85659863945578
F,63,28.18236009070295
M,70,37.027918367346935
F,63,21.393908390022677
F,64,50.193400453514734
M,70,38.05647165532879
F,64,29.828045351473925
M,71,37.027918367346935
F,66,29.828045351473925
M,65,26.330964172335598
M,68,31.268019954648523
F,66,41.14213151927438
M,73,49.37055782312925
F,61,25.50812154195011
M,72,49.781979138321994
F,61,45.87347664399093
F,67,29.828045351473925
F,63,20.57106575963719
F,64,30.85659863945578
F,61,25.713832199546484
F,66,34.97081179138322
F,66,42.17068480725624
M,71,37.027918367346935
M,66,40.113578231292514
M,71,34.97081179138322
M,68,32.9137052154195
F,67,43.199238095238094
M,68,44.22779138321995
F,64,32.50228390022676
F,69,26.742385487528345
M,74,51.42766439909297
F,64,27.15380680272109
F,67,43.199238095238094
F,61,30.445177324263035
M,70,44.63921269841269
M,70,42.787816780045354
F,63,49.37055782312925
F,66,30.85659863945578
F,67,51.42766439909297
M,68,49.37055782312925
M,71,35.999365079365084
M,73,30.85659863945578
F,61,37.027918367346935
M,73,40.113578231292514
F,67,28.79949206349206
M,70,42.17068480725624
M,64,37.027918367346935
F,61,32.9137052154195
M,65,42.17068480725624
M,69,34.14796916099773
F,60,26.742385487528345
F,60,22.628172335600905
F,64,30.23946666666666
F,63,23.656725623582766
M,64,27.770938775510203
F,66,28.79949206349206
M,71,53.48477097505669
M,74,38.05647165532879
F,66,37.64505034013605
F,64,23.656725623582766
F,65,33.736547845804985
F,61,40.113578231292514
F,66,29.828045351473925
M,74,40.113578231292514
F,59,27.15380680272109
F,67,24.685278911564627
M,71,42.17068480725624
F,61,26.742385487528345
F,70,37.027918367346935
M,66,39.08502494331066
M,67,28.79949206349206
M,68,37.027918367346935
F,63,37.027918367346935
F,61,26.742385487528345
M,74,58.627537414965985
F,65,26.742385487528345
M,67,49.37055782312925
F,63,33.530837188208615
M,76,49.37055782312925
M,67,41.14213151927438
M,69,41.14213151927438
F,65,49.37055782312925
F,65,38.26218231292517
M,68,35.999365079365084
M,74,39.08502494331066
F,60,28.388070748299317
F,63,28.79949206349206
M,67,29.828045351473925
F,61,37.027918367346935
F,64,30.85659863945578
F,64,29.828045351473925
M,71,43.199238095238094
M,66,33.94225850340136
M,73,28.79949206349206
F,68,33.94225850340136
F,65,37.027918367346935
M,69,34.97081179138322
F,66,25.713832199546484
F,63,33.325126530612245
F,66,33.736547845804985
F,65,22.628172335600905
F,61,28.79949206349206
F,66,32.50228390022676
M,66,30.85659863945578
F,66,27.770938775510203
M,69,37.027918367346935
M,70,34.3536798185941
F,66,25.713832199546484
M,72,41.14213151927438
F,63,21.805329705215417
F,67,55.541877551020406
M,73,34.97081179138322
F,61,30.650887981859405
M,74,34.55939047619048
F,66,26.742385487528345
F,65,39.08502494331066
F,66,36.822207709750565
M,74,38.46789297052154
M,66,33.325126530612245
M,72,47.31345124716553
F,70,32.9137052154195
F,65,30.85659863945578
M,73,44.22779138321995
F,68,53.89619229024943
F,63,25.713832199546484
M,71,35.999365079365084
F,65,37.027918367346935
F,59,30.85659863945578
M,75,53.48477097505669
M,67,29.828045351473925
F,68,48.547715192743766
F,63,54.1019029478458
M,70,47.31345124716553
F,61,37.85076099773242
F,61,28.79949206349206
M,69,35.999365079365084
M,69,56.57043083900226
F,66,29.210913378684808
M,68,37.027918367346935
F,64,27.770938775510203
F,64,29.828045351473925
F,65,38.67360362811791
M,68,39.08502494331066
M,74,37.027918367346935
F,64,29.210913378684808
F,61,22.628172335600905
F,69,39.08502494331066
M,76,37.64505034013605
M,70,43.199238095238094
F,63,49.37055782312925
M,69,55.541877551020406
F,64,29.210913378684808
F,68,47.31345124716553
M,67,26.742385487528345
M,68,45.25634467120181
M,72,34.97081179138322
F,65,47.31345124716553
F,66,37.027918367346935
M,72,39.08502494331066
F,63,32.9137052154195
F,60,28.79949206349206
M,70,30.85659863945578
F,60,30.85659863945578
F,65,34.97081179138322
M,73,41.14213151927438
F,63,44.43350204081632
F,64,25.713832199546484
F,67,47.31345124716553
M,71,37.027918367346935
F,67,31.679441269841266
M,66,34.55939047619048
M,71,37.027918367346935
F,68,26.742385487528345
M,72,43.610659410430834
M,66,27.770938775510203
F,67,37.027918367346935
F,61,23.656725623582766
F,61,47.31345124716553
M,69,30.85659863945578
F,65,49.37055782312925
M,75,60.68464399092971
F,64,24.685278911564627
M,70,42.17068480725624
F,66,29.828045351473925
M,72,38.26218231292517
F,64,29.828045351473925
F,61,30.85659863945578
F,61,34.3536798185941
M,73,41.14213151927438
F,63,27.976649433106576
M,71,39.08502494331066
M,68,42.17068480725624
M,70,48.342004535147396
F,63,30.85659863945578
F,61,28.79949206349206
M,71,38.05647165532879
F,63,29.828045351473925
F,66,37.027918367346935
M,73,43.199238095238094
M,70,30.85659863945578
F,64,36.61649705215419
F,63,24.685278911564627
M,75,56.3647201814059
F,61,29.828045351473925
F,65,27.770938775510203
M,68,38.05647165532879
M,68,40.113578231292514
F,66,24.685278911564627
M,71,39.08502494331066
M,73,48.13629387755102
M,69,38.05647165532879
M,68,37.027918367346935
M,73,38.05647165532879
F,67,36.205075736961454
M,69,38.05647165532879
F,61,28.388070748299317
F,66,46.284897959183674
F,61,22.628172335600905
F,61,33.94225850340136
F,67,53.48477097505669
M,72,39.08502494331066
M,76,49.37055782312925
M,69,41.14213151927438
M,75,43.199238095238094
F,66,30.85659863945578
M,66,31.88515192743764
F,61,42.582106122448984
F,64,32.70799455782313
F,65,26.330964172335598
F,63,40.52499954648526
M,66,29.41662403628118
M,73,48.342004535147396
F,67,38.05647165532879
M,66,31.268019954648523
M,72,32.9137052154195
M,70,46.284897959183674
F,66,27.565228117913833
M,70,37.233629024943305
F,70,53.48477097505669
M,69,40.113578231292514
F,64,28.79949206349206
M,70,34.97081179138322
F,68,51.42766439909297
M,66,26.742385487528345
M,73,56.57043083900226
M,69,41.14213151927438
F,61,26.742385487528345
F,59,38.26218231292517
M,73,47.31345124716553
M,69,34.55939047619048
M,67,33.736547845804985
M,69,48.959136507936506
M,69,39.08502494331066
M,67,33.94225850340136
M,70,33.94225850340136
M,73,37.027918367346935
M,72,38.26218231292517
F,61,23.03959365079365
M,69,38.05647165532879
F,65,41.14213151927438
F,66,28.388070748299317
M,71,40.113578231292514
M,75,34.14796916099773
F,61,22.628172335600905
M,72,46.284897959183674
F,66,28.79949206349206
M,70,36.61649705215419
F,63,32.9137052154195
F,65,27.770938775510203
M,71,39.08502494331066
M,68,34.97081179138322
F,66,27.770938775510203
M,72,49.37055782312925
F,64,20.57106575963719
F,67,25.919542857142854
M,66,43.199238095238094
F,61,33.94225850340136
M,72,37.43933968253968
M,74,56.57043083900226
F,61,43.199238095238094
F,63,27.770938775510203
F,61,31.062309297052153
M,63,33.94225850340136
M,74,41.14213151927438
M,71,40.319288888888885
F,63,25.713832199546484
M,71,39.08502494331066
M,68,40.113578231292514
M,72,45.25634467120181
M,74,49.37055782312925
F,65,24.685278911564627
M,73,37.85076099773242
M,75,53.48477097505669
F,66,42.37639546485261
F,67,25.919542857142854
M,73,60.68464399092971
F,66,47.31345124716553
M,72,46.284897959183674
M,71,41.14213151927438
M,70,30.85659863945578
F,65,37.027918367346935
F,61,24.06814693877551
F,66,31.88515192743764
F,61,31.88515192743764
F,64,27.770938775510203
M,75,55.541877551020406
M,74,51.42766439909297
F,66,30.445177324263035
F,64,33.94225850340136
F,60,35.999365079365084
F,61,29.210913378684808
M,72,35.38223310657597
M,67,34.97081179138322
M,66,32.9137052154195
F,67,28.79949206349206
M,71,38.87931428571429
F,61,23.656725623582766
F,67,35.999365079365084
F,64,35.999365079365084
F,61,26.742385487528345
F,70,32.9137052154195
M,69,29.828045351473925
F,64,26.742385487528345
F,60,20.57106575963719
F,67,37.027918367346935
M,69,34.97081179138322
M,68,26.742385487528345
F,66,28.79949206349206
F,68,38.05647165532879
M,64,33.94225850340136
F,63,32.9137052154195
F,66,36.205075736961454
M,65,34.97081179138322
M,71,37.027918367346935
M,71,32.9137052154195
F,63,32.29657324263038
M,64,28.79949206349206
F,61,24.273857596371883
F,69,27.770938775510203
M,70,43.199238095238094
M,74,49.37055782312925
F,61,27.15380680272109
M,66,37.027918367346935
F,63,38.05647165532879
F,64,28.79949206349206
M,68,30.85659863945578
M,70,28.18236009070295
F,65,29.41662403628118
F,63,28.79949206349206
F,61,35.999365079365084
F,69,40.113578231292514
M,69,28.79949206349206
F,64,35.38223310657597
F,64,33.736547845804985
F,59,21.805329705215417
F,68,26.742385487528345
M,67,32.9137052154195
M,70,36.61649705215419
F,66,26.742385487528345
F,66,28.79949206349206
M,69,29.828045351473925
M,67,27.770938775510203
F,70,40.113578231292514
M,75,35.999365079365084
F,64,38.05647165532879
F,60,22.628172335600905
M,74,35.999365079365084
F,61,27.770938775510203
M,66,29.828045351473925
M,72,49.37055782312925
M,71,38.05647165532879
M,75,40.113578231292514
F,64,24.685278911564627
M,70,55.541877551020406
F,67,34.97081179138322
F,60,28.79949206349206
M,71,48.342004535147396
M,68,49.37055782312925
F,66,53.48477097505669
M,74,39.08502494331066
F,67,33.94225850340136
F,64,28.79949206349206
M,65,35.999365079365084
M,72,43.816370068027204
F,67,29.005202721088434
F,65,33.94225850340136
F,65,33.325126530612245
M,73,38.46789297052154
F,65,51.42766439909297
F,63,37.027918367346935
F,66,38.05647165532879
F,65,30.85659863945578
M,64,28.79949206349206
M,68,30.85659863945578
F,61,28.79949206349206
M,74,51.42766439909297
M,72,53.48477097505669
M,73,39.08502494331066
F,65,22.628172335600905
F,67,32.9137052154195
F,63,23.656725623582766
F,64,24.685278911564627
M,70,35.999365079365084
M,72,28.79949206349206
M,66,29.210913378684808
M,70,30.85659863945578
F,65,32.9137052154195
F,59,29.210913378684808
F,70,41.14213151927438
M,67,30.03375600907029
F,61,25.713832199546484
M,70,37.027918367346935
M,68,32.9137052154195
F,65,26.742385487528345
F,60,38.05647165532879
M,74,51.42766439909297
F,61,30.85659863945578
F,61,39.08502494331066
F,65,27.770938775510203
F,63,32.70799455782313
M,66,31.88515192743764
M,74,45.25634467120181
F,60,33.530837188208615
F,61,32.9137052154195
M,72,37.027918367346935
F,64,25.713832199546484
M,74,37.027918367346935
M,67,32.50228390022676
M,64,39.08502494331066
M,76,53.89619229024943
M,75,44.22779138321995
M,73,43.199238095238094
F,67,37.027918367346935
F,63,23.656725623582766
F,67,26.742385487528345
M,66,28.79949206349206
F,66,43.199238095238094
F,63,37.027918367346935
M,70,28.79949206349206
M,69,29.828045351473925
F,65,32.9137052154195
F,60,30.85659863945578
F,67,32.29657324263038
M,67,28.79949206349206
M,74,52.456217687074826
M,69,28.79949206349206
M,74,54.51332426303855
M,66,46.490608616780044
F,68,51.42766439909297
F,67,51.42766439909297
F,68,30.445177324263035
F,64,43.199238095238094
F,60,25.30241088435374
F,67,32.9137052154195
M,72,40.113578231292514
M,72,51.42766439909297
F,61,26.742385487528345
F,59,27.565228117913833
F,65,28.79949206349206
M,70,34.97081179138322
F,64,25.50812154195011
F,64,47.31345124716553
M,70,34.97081179138322
F,66,45.25634467120181
M,75,38.05647165532879
M,71,38.46789297052154
F,64,30.85659863945578
M,72,54.51332426303855
M,70,39.08502494331066
M,72,39.4964462585034
M,70,46.284897959183674
F,69,31.88515192743764
M,66,32.9137052154195
F,66,25.096700226757367
M,68,37.027918367346935
M,73,40.113578231292514
F,65,37.027918367346935
F,65,29.210913378684808
F,64,31.88515192743764
F,64,40.52499954648526
F,64,39.08502494331066
M,66,34.3536798185941
F,66,26.125253514739228
M,71,46.284897959183674
M,68,44.22779138321995
M,70,40.113578231292514
F,64,26.742385487528345
F,61,29.828045351473925
F,64,34.97081179138322
M,72,53.07334965986394
F,64,33.94225850340136
F,60,40.73071020408163
F,64,42.17068480725624
F,66,24.685278911564627
F,64,32.9137052154195
F,65,34.97081179138322
M,72,39.08502494331066
M,75,38.05647165532879
M,66,40.113578231292514
F,66,33.325126530612245
M,73,56.57043083900226
M,66,39.08502494331066
M,72,53.48477097505669
F,64,23.656725623582766
F,64,26.742385487528345
F,64,31.88515192743764
F,59,28.18236009070295
M,70,39.08502494331066
M,69,37.027918367346935
F,59,20.57106575963719
M,74,49.37055782312925
F,61,29.828045351473925
F,63,24.685278911564627
F,66,41.14213151927438
M,70,31.88515192743764
F,66,32.29657324263038
F,65,26.742385487528345
M,73,38.87931428571429
F,59,26.125253514739228
F,61,34.97081179138322
F,66,31.679441269841266
M,68,44.22779138321995
M,72,41.14213151927438
M,70,37.027918367346935
F,70,42.17068480725624
F,65,29.62233469387755
M,71,39.08502494331066
M,76,39.08502494331066
M,64,33.94225850340136
F,69,26.742385487528345
F,64,29.828045351473925
F,64,24.685278911564627
F,60,25.096700226757367
M,73,40.113578231292514
M,73,53.48477097505669
M,73,43.199238095238094
F,64,53.48477097505669
F,63,41.14213151927438
F,69,38.87931428571429
F,68,31.268019954648523
M,74,42.17068480725624
M,72,48.342004535147396
M,70,35.999365079365084
M,63,54.924745578231295
F,65,37.027918367346935
M,70,40.936420861678
F,65,32.70799455782313
F,64,31.88515192743764
F,65,38.05647165532879
F,65,41.14213151927438
M,71,40.319288888888885
F,64,20.57106575963719
F,67,47.31345124716553
F,63,26.742385487528345
M,72,40.113578231292514
F,64,27.35951746031746
M,71,31.268019954648523
F,66,28.79949206349206
F,67,41.14213151927438
M,68,34.3536798185941
F,61,32.9137052154195
M,70,47.31345124716553
F,65,30.445177324263035
F,63,52.044796371882086
F,61,23.656725623582766
F,59,32.9137052154195
F,65,37.027918367346935
M,67,28.388070748299317
M,72,34.97081179138322
F,67,30.23946666666666
M,65,40.73071020408163
F,63,39.08502494331066
F,70,32.9137052154195
F,63,27.770938775510203
F,66,28.18236009070295
F,63,29.828045351473925
M,72,37.027918367346935
M,64,32.9137052154195
F,65,28.79949206349206
F,63,26.53667482993197
M,67,32.29657324263038
M,69,41.14213151927438
M,68,33.94225850340136
M,69,39.08502494331066
F,61,34.97081179138322
F,59,26.742385487528345
F,69,45.25634467120181
F,65,27.770938775510203
M,74,38.05647165532879
F,68,32.9137052154195
M,72,32.29657324263038
M,68,37.64505034013605
F,61,38.26218231292517
F,61,32.9137052154195
M,69,32.9137052154195
F,64,31.88515192743764
M,71,44.22779138321995
M,73,50.399111111111104
M,72,51.42766439909297
M,67,40.113578231292514
F,61,20.982487074829933
M,69,33.94225850340136
M,72,48.342004535147396
F,64,32.9137052154195
M,69,44.22779138321995
F,66,34.14796916099773
F,67,37.027918367346935
F,65,30.85659863945578
M,72,38.05647165532879
F,63,30.85659863945578
M,72,37.027918367346935
F,65,38.46789297052154
M,70,33.94225850340136
M,69,45.25634467120181
M,68,46.284897959183674
M,70,45.05063401360544
M,73,41.14213151927438
M,66,37.027918367346935
M,76,56.57043083900226
M,74,37.027918367346935
M,68,34.97081179138322
F,65,35.38223310657597
M,72,52.456217687074826
M,69,46.284897959183674
F,61,45.25634467120181
M,72,30.85659863945578
M,72,39.08502494331066
M,70,41.14213151927438
M,66,31.88515192743764
F,67,30.85659863945578
F,65,25.713832199546484
F,64,35.999365079365084
M,69,30.445177324263035
F,68,37.027918367346935
F,64,23.656725623582766
F,66,23.656725623582766
M,69,31.88515192743764
M,68,31.88515192743764
F,64,41.14213151927438
M,68,36.61649705215419
M,68,31.88515192743764
M,71,42.17068480725624
F,61,29.210913378684808
M,73,34.97081179138322
M,73,35.999365079365084
F,69,52.456217687074826
F,67,39.08502494331066
M,72,42.17068480725624
M,71,35.999365079365084
F,61,29.828045351473925
F,65,39.08502494331066
F,64,40.113578231292514
F,63,22.628172335600905
M,66,43.199238095238094
M,70,40.113578231292514
M,68,39.08502494331066
F,64,24.685278911564627
F,68,30.85659863945578
M,73,48.342004535147396
F,68,38.46789297052154
F,65,21.393908390022677
M,67,35.999365079365084
M,71,55.541877551020406
M,66,33.94225850340136
M,66,44.22779138321995
M,74,44.22779138321995
M,68,34.97081179138322
F,61,31.88515192743764
M,69,43.610659410430834
M,69,37.027918367346935
F,64,26.742385487528345
M,72,34.97081179138322
F,69,31.473730612244896
M,73,55.541877551020406
F,65,45.25634467120181
F,66,38.05647165532879
M,71,35.999365079365084
M,71,32.9137052154195
F,61,37.027918367346935
F,61,21.599619047619047
M,70,34.97081179138322
F,65,43.199238095238094
F,60,33.325126530612245
M,71,45.25634467120181
M,71,44.22779138321995
M,71,41.14213151927438
M,70,32.09086258503401
F,63,26.742385487528345
F,67,32.9137052154195
F,64,22.628172335600905
F,66,26.125253514739228
F,64,27.770938775510203
M,69,41.14213151927438
F,61,28.79949206349206
M,70,28.18236009070295
M,71,41.14213151927438
M,71,37.027918367346935
F,61,33.94225850340136
F,64,27.770938775510203
F,66,27.770938775510203
M,68,32.9137052154195
F,66,33.325126530612245
F,64,36.205075736961454
F,67,51.42766439909297
F,63,26.742385487528345
M,65,32.9137052154195
M,71,41.14213151927438
F,70,39.08502494331066
M,75,45.87347664399093
M,68,32.9137052154195
M,73,44.22779138321995
F,67,32.9137052154195
M,73,46.90202993197279
M,71,44.22779138321995
F,66,28.79949206349206
M,65,37.027918367346935
M,65,38.05647165532879
F,68,45.25634467120181
M,70,44.22779138321995
F,63,32.70799455782313
M,72,51.42766439909297
F,63,29.210913378684808
F,61,51.42766439909297
F,61,26.742385487528345
M,67,37.027918367346935
M,75,34.97081179138322
M,71,39.907867573696144
M,73,36.205075736961454
F,69,38.05647165532879
F,61,27.565228117913833
M,71,49.37055782312925
F,66,39.702156916099774
F,70,39.08502494331066
F,64,25.713832199546484
F,61,27.770938775510203
M,74,59.65609070294785
M,72,49.37055782312925
M,71,39.08502494331066
F,65,29.828045351473925
M,69,33.530837188208615
M,70,41.14213151927438
F,61,25.713832199546484
F,60,22.628172335600905
M,72,35.999365079365084
M,71,47.31345124716553
F,68,53.07334965986394
M,72,37.027918367346935
M,69,37.027918367346935
F,66,45.25634467120181
M,74,41.14213151927438
M,65,32.9137052154195
M,75,40.319288888888885
F,64,28.59378140589569
M,66,30.85659863945578
F,67,26.742385487528345
M,73,42.17068480725624
M,74,35.999365079365084
F,66,27.770938775510203
M,73,37.027918367346935
M,68,36.410786394557825
F,69,34.97081179138322
M,73,49.37055782312925
F,65,26.742385487528345
F,66,23.245304308390022
F,66,41.14213151927438
M,69,45.87347664399093
M,71,38.05647165532879
F,64,40.319288888888885
F,61,34.97081179138322
F,63,26.742385487528345
F,61,25.713832199546484
M,69,29.828045351473925
F,65,37.027918367346935
F,64,30.85659863945578
M,72,30.85659863945578
M,72,33.94225850340136
F,68,30.85659863945578
M,71,33.94225850340136
F,64,22.628172335600905
M,72,40.113578231292514
F,63,32.50228390022676
M,67,46.0791873015873
F,61,22.628172335600905
M,72,41.14213151927438
M,71,42.37639546485261
F,65,30.85659863945578
M,66,37.027918367346935
M,72,42.17068480725624
M,72,46.284897959183674
F,67,31.88515192743764
M,74,40.113578231292514
M,69,40.113578231292514
F,67,26.742385487528345
M,74,29.828045351473925
F,64,27.770938775510203
F,60,24.685278911564627
F,66,29.41662403628118
M,64,30.445177324263035
M,72,49.37055782312925
F,67,28.388070748299317
F,60,26.53667482993197
F,64,29.828045351473925
F,61,35.999365079365084
F,68,32.9137052154195
F,59,25.713832199546484
F,67,48.342004535147396
M,72,46.284897959183674
F,67,31.88515192743764
F,59,27.770938775510203
M,69,42.17068480725624
M,75,45.25634467120181
M,66,28.79949206349206
F,63,29.828045351473925
F,59,24.685278911564627
F,63,22.628172335600905
F,64,43.199238095238094
M,75,49.37055782312925
F,64,37.027918367346935
F,61,20.57106575963719
F,68,34.97081179138322
F,64,47.31345124716553
M,66,44.22779138321995
F,64,28.79949206349206
F,63,28.79949206349206
M,65,32.9137052154195
M,72,37.027918367346935
F,65,30.85659863945578
F,61,25.30241088435374
M,76,56.57043083900226
M,66,31.88515192743764
F,63,31.473730612244896
F,66,51.42766439909297
M,70,35.38223310657597
M,63,27.565228117913833
F,61,32.09086258503401
F,67,34.97081179138322
F,64,32.9137052154195
M,71,41.14213151927438
F,61,22.628172335600905
F,61,20.57106575963719
M,67,37.027918367346935
M,71,35.38223310657597
F,65,25.713832199546484
F,60,26.742385487528345
F,65,47.31345124716553
F,67,30.85659863945578
M,66,29.62233469387755
F,60,23.245304308390022
F,66,27.35951746031746
F,65,33.94225850340136
M,72,27.770938775510203
M,68,39.08502494331066
M,76,37.43933968253968
M,65,34.55939047619048
F,67,43.199238095238094
M,67,34.97081179138322
F,67,45.25634467120181
F,64,31.88515192743764
F,59,32.9137052154195
M,69,32.70799455782313
F,61,34.97081179138322
M,65,27.976649433106576
M,72,35.999365079365084
F,70,34.97081179138322
M,66,28.79949206349206
M,69,44.22779138321995
F,64,21.599619047619047
M,72,54.51332426303855
F,66,34.97081179138322
M,71,47.31345124716553
F,61,30.85659863945578
F,67,26.742385487528345
M,72,46.284897959183674
F,70,41.14213151927438
F,68,28.79949206349206
F,66,40.73071020408163
M,72,34.97081179138322
F,65,45.25634467120181
F,66,37.027918367346935
F,65,41.55355283446712
F,60,27.770938775510203
F,64,28.79949206349206
F,63,40.113578231292514
F,65,28.79949206349206
M,73,51.42766439909297
M,74,45.25634467120181
F,66,28.79949206349206
F,61,23.656725623582766
F,66,30.85659863945578
M,69,30.85659863945578
F,63,24.685278911564627
M,70,46.284897959183674
F,66,35.79365442176871
F,65,37.027918367346935
F,65,30.445177324263035
M,68,30.85659863945578
M,68,42.17068480725624
M,68,32.9137052154195
F,65,23.451014965986396
F,68,41.14213151927438
M,72,40.113578231292514
F,70,35.79365442176871
F,63,24.06814693877551
F,67,39.08502494331066
M,71,44.02208072562358
M,68,31.88515192743764
M,70,41.14213151927438
M,71,35.999365079365084
M,73,48.342004535147396
M,72,44.22779138321995
F,63,34.3536798185941
F,60,23.451014965986396
F,66,28.79949206349206
F,61,26.742385487528345
F,64,41.14213151927438
F,69,49.37055782312925
F,67,27.770938775510203
F,69,24.890989569160997
M,73,28.79949206349206
M,73,46.284897959183674
M,66,32.9137052154195
M,71,39.08502494331066
F,64,43.199238095238094
M,69,41.14213151927438
F,65,33.736547845804985
F,63,33.94225850340136
F,61,51.83908571428571
M,73,41.14213151927438
F,64,32.9137052154195
M,69,47.31345124716553
M,66,30.85659863945578
F,61,32.9137052154195
F,65,28.79949206349206
M,65,49.37055782312925
F,63,45.25634467120181
F,63,28.79949206349206
F,60,24.273857596371883
M,75,43.404948752834464
M,75,44.22779138321995
F,65,26.742385487528345
F,60,27.976649433106576
F,60,31.679441269841266
F,64,30.85659863945578
F,66,31.88515192743764
F,64,30.85659863945578
F,59,34.97081179138322
M,71,42.37639546485261
M,68,42.37639546485261
M,72,42.17068480725624
F,61,41.14213151927438
M,69,41.14213151927438
F,63,24.273857596371883
F,63,25.919542857142854
F,64,26.742385487528345
F,59,24.685278911564627
F,63,38.05647165532879
M,71,39.08502494331066
M,71,35.38223310657597
F,61,32.9137052154195
M,69,41.14213151927438
M,67,31.88515192743764
F,64,21.599619047619047
M,75,40.113578231292514
F,65,39.08502494331066
F,60,31.88515192743764
F,69,45.25634467120181
F,67,32.9137052154195
F,63,37.027918367346935
M,74,52.044796371882086
F,67,26.742385487528345
F,66,37.027918367346935
M,73,41.14213151927438
M,65,37.027918367346935
M,71,44.22779138321995
F,65,26.742385487528345
M,65,38.87931428571429
M,68,41.14213151927438
F,64,33.325126530612245
M,72,36.61649705215419
F,65,30.03375600907029
F,64,34.97081179138322
F,61,37.64505034013605
F,68,34.97081179138322
M,72,45.25634467120181
M,75,39.08502494331066
F,64,26.742385487528345
F,63,35.999365079365084
F,64,36.205075736961454
M,63,30.85659863945578
F,61,55.541877551020406
F,68,29.828045351473925
M,67,41.14213151927438
M,70,34.76510113378685
M,71,43.199238095238094
F,66,35.999365079365084
F,67,39.08502494331066
F,63,40.936420861678
F,68,45.25634467120181
M,72,59.65609070294785
F,67,27.770938775510203
M,76,45.25634467120181
F,64,33.94225850340136
M,74,38.05647165532879
M,72,30.85659863945578
F,61,35.999365079365084
M,67,41.14213151927438
M,70,38.05647165532879
M,64,32.9137052154195
F,61,30.85659863945578
M,71,37.027918367346935
F,67,34.97081179138322
F,63,28.79949206349206
F,70,29.828045351473925
M,70,37.027918367346935
F,63,39.08502494331066
M,70,38.05647165532879
M,72,43.199238095238094
M,70,51.42766439909297
M,71,37.027918367346935
F,69,41.14213151927438
F,59,22.628172335600905
F,61,21.599619047619047
F,64,26.742385487528345
F,64,41.96497414965987
F,67,22.628172335600905
F,61,30.650887981859405
F,65,40.73071020408163
M,71,56.57043083900226
F,61,28.79949206349206
F,66,34.55939047619048
M,68,34.97081179138322
M,71,49.37055782312925
M,74,43.199238095238094
M,69,32.9137052154195
M,68,28.388070748299317
M,75,51.42766439909297
F,61,22.21675102040816
M,67,51.42766439909297
F,64,33.94225850340136
F,69,25.713832199546484
F,64,32.9137052154195
M,73,29.828045351473925
M,68,52.456217687074826
F,64,33.94225850340136
M,72,32.9137052154195
F,65,25.30241088435374
F,66,50.399111111111104
F,64,24.685278911564627
M,71,34.97081179138322
F,61,41.55355283446712
M,71,49.37055782312925
M,69,37.43933968253968
M,73,49.37055782312925
F,63,31.88515192743764
F,67,32.50228390022676
F,60,34.14796916099773
F,64,38.05647165532879
F,67,37.85076099773242
M,69,41.14213151927438
M,70,39.08502494331066
F,64,35.999365079365084
F,63,30.85659863945578
F,67,29.828045351473925
F,64,27.770938775510203
F,64,41.14213151927438
F,61,30.23946666666666
M,74,39.08502494331066
F,64,26.125253514739228
M,67,37.027918367346935
F,68,36.410786394557825
M,74,42.17068480725624
M,68,30.03375600907029
M,73,45.25634467120181
F,65,30.85659863945578
M,66,43.199238095238094
M,71,43.199238095238094
F,63,34.97081179138322
M,68,31.268019954648523
F,64,29.828045351473925
M,65,41.14213151927438
F,69,35.999365079365084
M,69,42.17068480725624
F,68,29.828045351473925
F,68,30.85659863945578
M,71,26.742385487528345
F,61,24.06814693877551
F,61,29.828045351473925
F,61,38.26218231292517
F,64,22.833882993197278
F,60,29.828045351473925
F,66,45.25634467120181
M,66,35.999365079365084
M,72,39.08502494331066
F,64,30.85659863945578
M,71,39.702156916099774
M,73,40.113578231292514
M,74,43.199238095238094
M,68,41.14213151927438
F,66,26.742385487528345
M,71,39.08502494331066
M,76,49.37055782312925
M,67,50.399111111111104
F,61,28.79949206349206
F,60,32.9137052154195
M,72,43.199238095238094
M,66,45.25634467120181
M,67,33.94225850340136
F,66,47.31345124716553
M,71,36.205075736961454
M,69,41.14213151927438
F,63,32.9137052154195
M,72,37.027918367346935
M,76,50.399111111111104
M,68,30.85659863945578
M,70,43.199238095238094
M,72,46.284897959183674
M,76,53.48477097505669
M,69,39.08502494331066
M,67,30.85659863945578
M,70,34.3536798185941
M,65,35.38223310657597
M,66,39.08502494331066
F,63,25.713832199546484
F,60,26.53667482993197
M,67,31.268019954648523
M,68,40.113578231292514
M,67,32.9137052154195
F,65,35.38223310657597
M,71,48.342004535147396
F,60,28.79949206349206
M,71,34.55939047619048
F,66,32.9137052154195
M,70,32.9137052154195
F,63,27.770938775510203
F,63,27.15380680272109
F,60,32.50228390022676
F,69,37.027918367346935
F,64,30.85659863945578
F,67,28.79949206349206
M,71,56.77614149659863
M,72,32.9137052154195
M,70,36.61649705215419
M,69,34.97081179138322
F,66,33.94225850340136
F,61,27.770938775510203
F,64,34.97081179138322
M,72,41.14213151927438
M,71,40.113578231292514
F,60,25.30241088435374
F,63,35.999365079365084
F,64,30.650887981859405
M,67,33.325126530612245
M,73,37.027918367346935
F,69,26.742385487528345
F,61,34.97081179138322
M,69,55.541877551020406
F,69,33.94225850340136
M,69,28.79949206349206
F,63,47.31345124716553
F,61,24.685278911564627
F,60,30.85659863945578
F,64,30.85659863945578
F,65,38.26218231292517
M,71,61.30177596371881
F,64,26.742385487528345
F,69,39.08502494331066
M,65,30.85659863945578
M,71,35.79365442176871
M,70,43.199238095238094
M,75,32.9137052154195
F,59,26.742385487528345
M,73,37.027918367346935
M,68,34.97081179138322
F,61,34.97081179138322
F,60,30.85659863945578
M,67,51.42766439909297
M,75,43.199238095238094
M,76,42.787816780045354
F,63,36.205075736961454
M,73,42.17068480725624
M,75,49.37055782312925
F,65,48.342004535147396
F,60,29.828045351473925
M,74,44.22779138321995
F,65,25.30241088435374
F,66,35.17652244897959
M,73,36.410786394557825
M,69,43.199238095238094
M,65,39.08502494331066
M,64,37.027918367346935
F,61,23.656725623582766
F,66,27.770938775510203
F,61,28.79949206349206
M,76,44.22779138321995
F,66,29.62233469387755
F,63,27.770938775510203
M,74,42.17068480725624
F,59,24.685278911564627
M,73,33.94225850340136
F,65,25.50812154195011
F,66,32.9137052154195
M,68,50.81053242630385
F,61,33.94225850340136
M,74,49.37055782312925
M,76,49.37055782312925
F,61,23.451014965986396
M,68,37.027918367346935
F,67,39.08502494331066
F,63,34.97081179138322
M,67,38.46789297052154
M,68,37.027918367346935
M,74,33.94225850340136
M,67,30.445177324263035
M,71,31.88515192743764
M,72,34.97081179138322
M,71,32.9137052154195
M,64,33.94225850340136
M,63,27.15380680272109
F,65,31.88515192743764
M,68,34.97081179138322
F,67,28.79949206349206
F,61,30.445177324263035
M,68,37.027918367346935
M,64,46.90202993197279
M,70,33.530837188208615
F,61,28.79949206349206
M,66,39.08502494331066
M,71,44.84492335600907
F,64,37.027918367346935
F,66,48.959136507936506
M,71,33.94225850340136
M,74,42.17068480725624
M,69,39.4964462585034
M,68,37.027918367346935
F,65,26.742385487528345
F,68,37.43933968253968
F,63,23.451014965986396
M,64,37.027918367346935
M,73,56.57043083900226
F,67,30.85659863945578
F,64,30.85659863945578
F,64,23.656725623582766
M,70,45.25634467120181
M,72,49.37055782312925
M,73,43.199238095238094
F,64,28.18236009070295
F,63,35.58794376417234
M,72,42.17068480725624
M,65,38.05647165532879
M,70,41.14213151927438
F,63,26.742385487528345
M,67,56.77614149659863
M,66,33.736547845804985
M,67,42.17068480725624
M,72,43.199238095238094
F,67,33.94225850340136
F,65,29.828045351473925
F,67,37.027918367346935
F,67,34.97081179138322
M,70,32.9137052154195
F,65,41.14213151927438
F,67,35.38223310657597
M,74,48.959136507936506
M,67,28.79949206349206
F,65,25.713832199546484
F,64,35.38223310657597
M,69,32.9137052154195
F,60,29.210913378684808
F,63,39.08502494331066
M,72,45.25634467120181
M,71,37.027918367346935
M,68,35.38223310657597
F,61,41.14213151927438
M,68,37.027918367346935
M,74,56.57043083900226
M,66,37.027918367346935
M,71,33.94225850340136
F,65,23.245304308390022
M,68,31.679441269841266
M,69,43.199238095238094
F,59,29.828045351473925
M,72,49.37055782312925
F,61,40.319288888888885
M,75,43.199238095238094
F,61,29.828045351473925
F,61,42.993527437641724
M,71,38.05647165532879
F,64,51.42766439909297
F,61,32.9137052154195
M,69,30.85659863945578
M,69,32.9137052154195
M,70,35.999365079365084
M,73,38.05647165532879
F,65,41.14213151927438
F,67,46.696319274376414
M,68,30.85659863945578
M,76,58.627537414965985
M,66,32.9137052154195
M,70,38.26218231292517
F,67,37.85076099773242
M,70,44.22779138321995
M,67,30.85659863945578
F,67,43.816370068027204
F,61,39.08502494331066
M,66,33.94225850340136
F,61,28.79949206349206
M,72,37.027918367346935
M,72,33.94225850340136
M,71,39.702156916099774
M,66,35.999365079365084
M,72,35.999365079365084
F,66,35.38223310657597
M,73,39.4964462585034
M,74,50.399111111111104
F,64,38.05647165532879
F,63,31.062309297052153
F,65,40.113578231292514
F,61,30.85659863945578
M,73,45.25634467120181
F,63,39.08502494331066
F,63,35.79365442176871
F,69,28.79949206349206
F,66,31.88515192743764
M,74,30.85659863945578
F,70,35.999365079365084
F,60,26.742385487528345
F,66,26.742385487528345
F,66,34.3536798185941
F,61,28.59378140589569
F,60,32.9137052154195
F,63,30.85659863945578
M,71,39.08502494331066
F,63,30.85659863945578
F,60,25.919542857142854
F,60,23.656725623582766
F,67,32.9137052154195
F,61,35.999365079365084
M,69,30.85659863945578
F,69,30.85659863945578
M,70,38.05647165532879
F,65,28.79949206349206
F,65,29.828045351473925
M,72,40.113578231292514
F,66,45.25634467120181
F,67,27.770938775510203
F,61,28.388070748299317
F,68,33.94225850340136
M,68,31.88515192743764
F,66,30.85659863945578
F,70,46.284897959183674
F,69,38.05647165532879
M,66,30.85659863945578
F,70,27.770938775510203
F,64,25.50812154195011
F,64,26.742385487528345
M,68,35.58794376417234
M,67,39.08502494331066
F,61,24.685278911564627
F,67,28.388070748299317
F,66,28.388070748299317
M,69,32.29657324263038
F,64,32.09086258503401
F,67,32.9137052154195
M,73,48.342004535147396
F,65,23.245304308390022
M,71,40.113578231292514
F,69,35.999365079365084
F,67,34.97081179138322
F,67,33.325126530612245
F,60,22.628172335600905
M,75,43.199238095238094
M,67,34.97081179138322
M,69,41.14213151927438
F,68,30.445177324263035
F,61,24.273857596371883
F,64,29.828045351473925
F,63,35.999365079365084
M,67,49.37055782312925
M,73,41.14213151927438
M,68,37.027918367346935
F,65,53.48477097505669
F,64,23.03959365079365
M,74,36.61649705215419
M,72,46.284897959183674
F,59,38.87931428571429
F,61,30.03375600907029
F,60,30.23946666666666
M,69,39.08502494331066
F,61,25.919542857142854
M,71,40.319288888888885
M,69,41.14213151927438
F,59,26.742385487528345
F,66,30.85659863945578
F,63,51.42766439909297
F,61,29.41662403628118
M,70,32.9137052154195
M,70,44.22779138321995
F,61,27.35951746031746
F,68,32.9137052154195
F,66,33.325126530612245
M,70,38.05647165532879
F,60,28.79949206349206
F,63,33.325126530612245
F,61,30.85659863945578
M,71,47.72487256235828
M,70,37.027918367346935
F,59,35.38223310657597
F,69,53.48477097505669
F,60,24.685278911564627
M,64,30.85659863945578
F,65,28.79949206349206
M,72,34.97081179138322
M,71,45.25634467120181
F,64,47.31345124716553
F,66,37.027918367346935
M,68,32.9137052154195
F,66,45.25634467120181
F,67,38.05647165532879
F,61,31.268019954648523
M,68,28.79949206349206
F,70,29.828045351473925
M,66,27.770938775510203
F,70,24.273857596371883
M,70,41.96497414965987
M,63,32.9137052154195
M,73,39.907867573696144
M,67,60.68464399092971
F,65,34.55939047619048
F,65,27.770938775510203
M,72,44.22779138321995
F,61,26.742385487528345
F,64,33.94225850340136
M,69,27.15380680272109
M,71,51.42766439909297
F,65,32.50228390022676
F,64,25.713832199546484
M,70,44.22779138321995
F,61,25.713832199546484
M,71,37.027918367346935
F,68,49.16484716553288
M,65,41.14213151927438
F,66,35.999365079365084
F,63,37.027918367346935
F,64,27.770938775510203
F,63,24.685278911564627
M,68,34.97081179138322
M,72,41.14213151927438
F,64,32.09086258503401
F,61,33.530837188208615
F,64,46.284897959183674
M,68,29.828045351473925
M,69,31.473730612244896
M,64,27.770938775510203
F,68,35.999365079365084
M,73,43.199238095238094
M,72,40.73071020408163
M,76,40.113578231292514
F,68,39.08502494331066
F,61,25.919542857142854
M,67,32.9137052154195
M,69,33.94225850340136
M,69,43.199238095238094
M,71,27.770938775510203
F,61,30.03375600907029
M,68,32.9137052154195
F,68,26.125253514739228
M,66,29.828045351473925
F,67,27.770938775510203
F,64,28.79949206349206
M,75,48.547715192743766
M,67,30.85659863945578
F,64,26.330964172335598
M,64,34.97081179138322
F,61,27.15380680272109
F,63,23.656725623582766
F,60,27.565228117913833
F,64,33.94225850340136
M,74,46.284897959183674
F,66,34.97081179138322
F,64,27.770938775510203
M,69,30.85659863945578
F,63,44.22779138321995
F,70,41.14213151927438
F,69,23.86243628117914
M,69,38.26218231292517
F,64,34.97081179138322
F,64,28.388070748299317
F,61,22.628172335600905
